text,date,sender,clean_text
"рЅ░рІѕрІ│рїЄ рѕџрѕх рЅ░рІѕрІ│рїЂріЋ рІерѕѓрѕ│рЅЦ рѕірЅЁ рїЦрЅЁрѕЇріЋ рѕѕрѕЏрѕхрѕЏрѕфрІФріљрЅх рЅ░рїарЅЁрѕЏрѕѕрЅй
рЅЂрїЦрѕГ рЅарЅђрѕІрѕЅ ріерѕўрѕѕрІерЅх рїђрѕЮрѕФрѕѕрЅй
рѕўрІ░рѕўрѕГ рЇБ рѕўрЅђріљрѕх рЇБ рѕЏріФрЇѕрѕЇ рЇБ рѕЏрЅБрІЏрЅх ріЦрІФрѕѕрѕЏрѕўрІ░рЅй
рІерЅ░рѕЏрѕфрІјрЅ┐ріЋ рІерѕѓрѕ│рЅЦ рѕўріљрѕ╗ ріарЅЁрѕЇрѕІрѕѕрЅй
рІеріљрїѕ рІерѕѓрѕ│рЅЦ рѕірЅЁ ріЦріЋрІ░рѕџрѕєріЉ ріЦрѕГрїЇрїаріЏ ріљрЅй

ріЦрѕГрѕХрѕЮ рІГрѕЁріЋ рїЦрЅЁрѕЇ ріерѕўріљрѕ╗рІг рІГрїЇрІЎ
рІерѕЇрїєрІјріЋ рІерѕѓрѕ│рЅЦ рѕўріљрѕ╗ рІФрЅЁрѕЇрѕЅ

рІГрІ░рІЇрѕЅ 0989939393 рІѕрІГрѕЮ 0930323334

http://tiktok.com/@meneshayeofficial


ріарІхрѕФрѕ╗рЇд рїЅрѕГрІх рѕЙрѕІ рѕєрѕі рѕ▓рЅ▓ рѕ┤ріЋрЅ░рѕГ рЇц рЇњрІФрѕ│ ріФріЋрЅхрѕф рЅ│рІѕрѕГ рЇц рїђрѕъ рІ░рѕіріЊ рѕърѕЇ рЇц рїѕрѕГрїѓ ріерЇІрІЇріЋрЅ┤ріЋ рѕЁріЋрЇЃ рЇірЅх рѕѕрЇірЅх",2025-01-16 08:37:07+00:00,meneshayeofficial,"рЅ░рІѕрІ│рїЄ рѕџрѕх рЅ░рІѕрІ│рїЂріЋ рІерѕѓрѕ│рЅЦ рѕірЅЁ рїЦрЅЁрѕЇріЋ рѕѕрѕЏрѕхрѕЏрѕфрІФріљрЅх рЅ░рїарЅЁрѕЏрѕѕрЅй
рЅЂрїЦрѕГ рЅарЅђрѕІрѕЅ ріерѕўрѕѕрІерЅх рїђрѕЮрѕФрѕѕрЅй
рѕўрІ░рѕўрѕГ  рѕўрЅђріљрѕх  рѕЏріФрЇѕрѕЇ  рѕЏрЅБрІЏрЅх ріЦрІФрѕѕрѕЏрѕўрІ░рЅй
рІерЅ░рѕЏрѕфрІјрЅ┐ріЋ рІерѕѓрѕ│рЅЦ рѕўріљрѕ╗ ріарЅЁрѕЇрѕІрѕѕрЅй
рІеріљрїѕ рІерѕѓрѕ│рЅЦ рѕірЅЁ ріЦріЋрІ░рѕџрѕєріЉ ріЦрѕГрїЇрїаріЏ ріљрЅй

ріЦрѕГрѕХрѕЮ рІГрѕЁріЋ рїЦрЅЁрѕЇ ріерѕўріљрѕ╗рІг рІГрїЇрІЎ
рІерѕЇрїєрІјріЋ рІерѕѓрѕ│рЅЦ рѕўріљрѕ╗ рІФрЅЁрѕЇрѕЅ

рІГрІ░рІЇрѕЅ 0989939393 рІѕрІГрѕЮ 0930323334

httptiktokcommeneshayeofficial


ріарІхрѕФрѕ╗ рїЅрѕГрІх рѕЙрѕІ рѕєрѕі рѕ▓рЅ▓ рѕ┤ріЋрЅ░рѕГ  рЇњрІФрѕ│ ріФріЋрЅхрѕф рЅ│рІѕрѕГ  рїђрѕъ рІ░рѕіріЊ рѕърѕЇ  рїѕрѕГрїѓ ріерЇІрІЇріЋрЅ┤ріЋ рѕЁріЋрЇЃ рЇірЅх рѕѕрЇірЅх"
"рѕЇрїєрЅйрІј рІхріГ рІхріГ рЅЦрѕѕрІЇ ріЋрїЇрїЇрѕГ рІГрїђрѕЮрѕЕ

­ЪЌБрІхріГрІг рІхріГрІг. . .рІхріГ. . .рІхріГрІг
рѕ░рѕЮрЅ╝ рѕЏрѕЇрїарїЇрЅБрЅх рІЇрЅЦ рѕўрѕЏрѕфрІФрІг


­ЪЉЅрІерѕўрїђрѕўрѕфрІФ рІ░рѕерїЃ рЅБрѕѕрІхрѕЮрЇЁ рІерѕЇрїєрЅй рѕўрѕЏрѕфрІФ
рЅаріарѕЏрѕГріЏ ріЦріЊ рЅаріЦріЋрїЇрѕірІўріЏ рЅІріЋрЅІ

­ЪЉЅрЅхрѕЮрѕЁрѕГрЅх рЅцрЅх рѕІрѕЇрїѕрЅА рЅцрЅх рІЇрѕхрїЦ рѕѕрЅ░рЅђрѕўрїА рѕЁрЇЃріЋ рЅ░рѕўрѕФрїГ

­ЪЉЅрЅарЅ╗рѕГрїЁрѕЮ рЅарЅБрЅхрѕфрѕЮ рІерѕџрѕ░рѕФ рѕ▓рѕєріЋ рІѕрІ░рЅ░рЇѕрѕѕрїѕрІЇ рЅдрЅ│ рІГрІъ рѕѕрѕўріЋрЅђрѕ│рЅђрѕх рѕЮрЅ╣рЇб

рІГрІ░рІЇрѕЅ 0989939393 рІѕрІГрѕЮ 0930323334

http://tiktok.com/@meneshayeofficial


ріарІхрѕФрѕ╗рЇд рїЅрѕГрІх рѕЙрѕІ рѕєрѕі рѕ▓рЅ▓ рѕ┤ріЋрЅ░рѕГ рЇц рЇњрІФрѕ│ ріФріЋрЅхрѕф рЅ│рІѕрѕГ рЇц рїђрѕъ рІ░рѕіріЊ рѕърѕЇ рЇц рїѕрѕГрїѓ ріерЇІрІЇріЋрЅ┤ріЋ рѕЁріЋрЇЃ рЇірЅх рѕѕрЇірЅх",2025-01-11 07:27:53+00:00,meneshayeofficial,"рѕЇрїєрЅйрІј рІхріГ рІхріГ рЅЦрѕѕрІЇ ріЋрїЇрїЇрѕГ рІГрїђрѕЮрѕЕ

рІхріГрІг рІхріГрІг  рІхріГ  рІхріГрІг
рѕ░рѕЮрЅ╝ рѕЏрѕЇрїарїЇрЅБрЅх рІЇрЅЦ рѕўрѕЏрѕфрІФрІг


рІерѕўрїђрѕўрѕфрІФ рІ░рѕерїЃ рЅБрѕѕрІхрѕЮрЇЁ рІерѕЇрїєрЅй рѕўрѕЏрѕфрІФ
рЅаріарѕЏрѕГріЏ ріЦріЊ рЅаріЦріЋрїЇрѕірІўріЏ рЅІріЋрЅІ

рЅхрѕЮрѕЁрѕГрЅх рЅцрЅх рѕІрѕЇрїѕрЅА рЅцрЅх рІЇрѕхрїЦ рѕѕрЅ░рЅђрѕўрїА рѕЁрЇЃріЋ рЅ░рѕўрѕФрїГ

рЅарЅ╗рѕГрїЁрѕЮ рЅарЅБрЅхрѕфрѕЮ рІерѕџрѕ░рѕФ рѕ▓рѕєріЋ рІѕрІ░рЅ░рЇѕрѕѕрїѕрІЇ рЅдрЅ│ рІГрІъ рѕѕрѕўріЋрЅђрѕ│рЅђрѕх рѕЮрЅ╣

рІГрІ░рІЇрѕЅ 0989939393 рІѕрІГрѕЮ 0930323334

httptiktokcommeneshayeofficial


ріарІхрѕФрѕ╗ рїЅрѕГрІх рѕЙрѕІ рѕєрѕі рѕ▓рЅ▓ рѕ┤ріЋрЅ░рѕГ  рЇњрІФрѕ│ ріФріЋрЅхрѕф рЅ│рІѕрѕГ  рїђрѕъ рІ░рѕіріЊ рѕърѕЇ  рїѕрѕГрїѓ ріерЇІрІЇріЋрЅ┤ріЋ рѕЁріЋрЇЃ рЇірЅх рѕѕрЇірЅх"
"**рІерЅђрѕѕрѕю рѕўріљрѕ╗ рїЦрЅЁрѕЇ
рѕЇрїєрЅй ріЦрІерІѕрІ░рІ▒ рІерѕџрѕЏрѕЕрЅарЅх рЇц рѕ│рІГрѕ░рѕІрЅ╣ рІерѕџрІФрїаріЉрЅарЅх!!**

рІерЅђрѕѕрѕю рѕўріљрѕ╗ рїЦрЅЁрѕЇ

­ЪЉЅріеріЦрѕГрѕ│рѕх ріарІФрІФрІЮ рЅйрѕјрЅ│ рїђрѕЮрѕ« рѕЇрїєрЅйріЋ рѕЏріЋрЅарЅЦ рЇБ рѕўрЇЃрЇЇ рЇБ рѕЏрІ│рѕўрїЦ ріЦріЊ рѕЏріЋрЅарЅЦ┬а рЅйрѕјрЅ│рЅИрІЇріЋ рЅарЅ░рЅђріЊрїђ рѕўрѕЇріЕ рЅарѕЮрѕхрѕЇ рЇБ рЅарІхрѕЮрЇЁріЊ рЅарЅ░рїЇрЅБрѕГ рІерѕџрѕѕрѕЏрѕўрІ▒рЅарЅх ріарѕхрІ░ріЊрЅѓ рїЦрЅЁрѕЇ



рІГрІ░рІЇрѕЅ 0989939393 рІѕрІГрѕЮ 0930323334

http://tiktok.com/@meneshayeofficial


ріарІхрѕФрѕ╗рЇд рїЅрѕГрІх рѕЙрѕІ рѕєрѕі рѕ▓рЅ▓ рѕ┤ріЋрЅ░рѕГ рЇц рЇњрІФрѕ│ ріФріЋрЅхрѕф рЅ│рІѕрѕГ рЇц рїђрѕъ рІ░рѕіріЊ рѕърѕЇ рЇц рїѕрѕГрїѓ ріерЇІрІЇріЋрЅ┤ріЋ рѕЁріЋрЇЃ рЇірЅх рѕѕрЇірЅх


#meneshaye #рѕўріљрѕ╗рІг #kidsmaths #kids #success #focus #children #education┬а #science #knowledge #math #maths #mathematics #concentration┬а┬а #primaryeducation┬а #braindevelopment #kidsimagination",2025-01-03 07:28:40+00:00,meneshayeofficial,"рІерЅђрѕѕрѕю рѕўріљрѕ╗ рїЦрЅЁрѕЇ
рѕЇрїєрЅй ріЦрІерІѕрІ░рІ▒ рІерѕџрѕЏрѕЕрЅарЅх  рѕ│рІГрѕ░рѕІрЅ╣ рІерѕџрІФрїаріЉрЅарЅх

рІерЅђрѕѕрѕю рѕўріљрѕ╗ рїЦрЅЁрѕЇ

ріеріЦрѕГрѕ│рѕх ріарІФрІФрІЮ рЅйрѕјрЅ│ рїђрѕЮрѕ« рѕЇрїєрЅйріЋ рѕЏріЋрЅарЅЦ  рѕўрЇЃрЇЇ  рѕЏрІ│рѕўрїЦ ріЦріЊ рѕЏріЋрЅарЅЦ┬а рЅйрѕјрЅ│рЅИрІЇріЋ рЅарЅ░рЅђріЊрїђ рѕўрѕЇріЕ рЅарѕЮрѕхрѕЇ  рЅарІхрѕЮрЇЁріЊ рЅарЅ░рїЇрЅБрѕГ рІерѕџрѕѕрѕЏрѕўрІ▒рЅарЅх ріарѕхрІ░ріЊрЅѓ рїЦрЅЁрѕЇ



рІГрІ░рІЇрѕЅ 0989939393 рІѕрІГрѕЮ 0930323334

httptiktokcommeneshayeofficial


ріарІхрѕФрѕ╗ рїЅрѕГрІх рѕЙрѕІ рѕєрѕі рѕ▓рЅ▓ рѕ┤ріЋрЅ░рѕГ  рЇњрІФрѕ│ ріФріЋрЅхрѕф рЅ│рІѕрѕГ  рїђрѕъ рІ░рѕіріЊ рѕърѕЇ  рїѕрѕГрїѓ ріерЇІрІЇріЋрЅ┤ріЋ рѕЁріЋрЇЃ рЇірЅх рѕѕрЇірЅх


meneshaye рѕўріљрѕ╗рІг kidsmaths kids success focus children education┬а science knowledge math maths mathematics concentration┬а┬а primaryeducation┬а braindevelopment kidsimagination"
"ріЦріљрІџрѕЁріЋ рѕЂрѕЅ рЅаріаріЋрІх рѕІрІГ рІерїѕріЊ рѕхрїдрЅ│

рѕѕрѕўрѕИрѕѕрѕЮ
1.  @gelagle_   tik tok account рѕўрЅђрѕІрЅђрѕЇ
3.рѕѕ ріарѕЮрѕхрЅх рѕ░рІЇ рѕЏрїІрѕФрЅх
2.рѕІрІГріГ ріЦріЊ рі«рѕюріЋрЅх рѕІрІГ   @ gelagle_  рЅЦрѕѕрІЇ рѕюріЋрѕйріЋ рЅарѕЏрІхрѕерїЇ рЇБ рѕѕріЦріЊрЅ│рЅйрѕЂ рЇЇрЅЁрѕФрЅйрѕЂріЋ рѕўрїЇрѕѕрїй ріЦріЊ рЅЦрІЎ рѕІрІГріГ рІФрїѕріў рЅ░рѕИрѕІрѕџ рІГрѕєріЊрѕЇ

https://t.me/gelaglewoch рЅ┤рѕїрїЇрѕФрѕЮ рЅ╗ріЊрѕЇ рІГрЅђрѕІрЅђрѕЅріЋ",2025-01-02 09:26:08+00:00,meneshayeofficial,"ріЦріљрІџрѕЁріЋ рѕЂрѕЅ рЅаріаріЋрІх рѕІрІГ рІерїѕріЊ рѕхрїдрЅ│

рѕѕрѕўрѕИрѕѕрѕЮ
1  gelagle_   tik tok account рѕўрЅђрѕІрЅђрѕЇ
3рѕѕ ріарѕЮрѕхрЅх рѕ░рІЇ рѕЏрїІрѕФрЅх
2рѕІрІГріГ ріЦріЊ рі«рѕюріЋрЅх рѕІрІГ    gelagle_  рЅЦрѕѕрІЇ рѕюріЋрѕйріЋ рЅарѕЏрІхрѕерїЇ  рѕѕріЦріЊрЅ│рЅйрѕЂ рЇЇрЅЁрѕФрЅйрѕЂріЋ рѕўрїЇрѕѕрїй ріЦріЊ рЅЦрІЎ рѕІрІГріГ рІФрїѕріў рЅ░рѕИрѕІрѕџ рІГрѕєріЊрѕЇ

httpstmegelaglewoch рЅ┤рѕїрїЇрѕФрѕЮ рЅ╗ріЊрѕЇ рІГрЅђрѕІрЅђрѕЅріЋ"
"рІерїѕріЊ рѕхрїдрЅ│­ЪјЂ­ЪјЂ­ЪјЂ
рѕѕрѕўрѕИрѕѕрѕЮ
1.  @gelagle  tik tok account рѕўрЅђрѕІрЅђрѕЇ
2.рѕѕ ріарѕЮрѕхрЅх рѕ░рІЇ рѕЏрїІрѕФрЅх
3.рі«рѕюріЋрЅх рѕІрІГ @gelagle рЅЦрѕѕрІЇ рѕюріЋрѕйріЋ рЅарѕЏрІхрѕерїЇ рЇБ рѕѕріЦріЊрЅ│рЅйрѕЂ рЇЇрЅЁрѕФрЅйрѕЂріЋ рЅа рі«рѕюріЋрЅх рѕІрІГ рЅарѕўрїЇрѕѕрїй ріЦріЊ рЅЦрІЎ рѕІрІГріГ рІФрїѕріў рЅ░рѕИрѕІрѕџ рІГрѕєріЊрѕЇ",2025-01-01 12:12:51+00:00,meneshayeofficial,"рІерїѕріЊ рѕхрїдрЅ│
рѕѕрѕўрѕИрѕѕрѕЮ
1  gelagle  tik tok account рѕўрЅђрѕІрЅђрѕЇ
2рѕѕ ріарѕЮрѕхрЅх рѕ░рІЇ рѕЏрїІрѕФрЅх
3рі«рѕюріЋрЅх рѕІрІГ gelagle рЅЦрѕѕрІЇ рѕюріЋрѕйріЋ рЅарѕЏрІхрѕерїЇ  рѕѕріЦріЊрЅ│рЅйрѕЂ рЇЇрЅЁрѕФрЅйрѕЂріЋ рЅа рі«рѕюріЋрЅх рѕІрІГ рЅарѕўрїЇрѕѕрїй ріЦріЊ рЅЦрІЎ рѕІрІГріГ рІФрїѕріў рЅ░рѕИрѕІрѕџ рІГрѕєріЊрѕЇ"
"ріЦріЋрі│ріЋ рѕѕрїѕріЊ рЅаріарѕЇ рЅарѕ░рѕІрѕЮ ріарІ░рѕерѕ│рЅ╣

рѕўріљрѕ╗рІг!!
рѕЇрїєрЅйрІј рІерѕЏріЋрЅарЅЦ рЇБ рѕўрЇЃрЇЇ рЇБ рѕЏрІ│рѕўрїЦ ріЦріЊ рѕЏріЋрЅарЅЦ┬а рЅйрѕјрЅ│рЅИрІЇріЋ рЅарЅ░рЅђріЊрїђ рѕўрѕЇріЕ рЅарѕЮрѕхрѕЇ рЇБ рЅарІхрѕЮрЇЁріЊ рЅарЅ░рїЇрЅБрѕГ рІерѕџрѕѕрѕЏрѕўрІ▒рЅарЅхріЋ ріарѕхрІ░ріЊрЅѓ рїЦрЅЁрѕЇ рѕѕрѕЇрїєрЅйрІј #рѕхрїдрЅ│_рІГрѕхрїА

рѕўрѕЇріФрѕЮ рІерїѕріЊ рЅаріарѕЇ!!",2025-01-01 07:20:12+00:00,meneshayeofficial,"ріЦріЋрі│ріЋ рѕѕрїѕріЊ рЅаріарѕЇ рЅарѕ░рѕІрѕЮ ріарІ░рѕерѕ│рЅ╣

рѕўріљрѕ╗рІг
рѕЇрїєрЅйрІј рІерѕЏріЋрЅарЅЦ  рѕўрЇЃрЇЇ  рѕЏрІ│рѕўрїЦ ріЦріЊ рѕЏріЋрЅарЅЦ┬а рЅйрѕјрЅ│рЅИрІЇріЋ рЅарЅ░рЅђріЊрїђ рѕўрѕЇріЕ рЅарѕЮрѕхрѕЇ  рЅарІхрѕЮрЇЁріЊ рЅарЅ░рїЇрЅБрѕГ рІерѕџрѕѕрѕЏрѕўрІ▒рЅарЅхріЋ ріарѕхрІ░ріЊрЅѓ рїЦрЅЁрѕЇ рѕѕрѕЇрїєрЅйрІј рѕхрїдрЅ│_рІГрѕхрїА

рѕўрѕЇріФрѕЮ рІерїѕріЊ рЅаріарѕЇ"
"­ЪїЪ**рІерѕўріљрѕ╗рІг рѕЏрЅЁрѕѕрѕџрІФ рїЦрЅЁрѕЇ**­ЪїЪ
┬а┬а┬а┬а **рІГрѕЁ рїЦрЅЁрѕЇ рѕѕрѕЇрїєрЅйрІј 
┬а┬а ріерѕЏрЅЁрѕѕрѕЮрѕЮ рЅарѕІрІГ ріљрІЇ!!**

­ЪЉЅ рІерѕЇрїєрЅйрІјріЋ рІерѕЏрЅЁрѕѕрѕЮ рЇЇрѕІрїјрЅх рІерѕџрїерѕЮрѕГ
­ЪЉЅ рЅђрѕѕрѕЮ рІерѕЏрІФрѕ│рѕЇрЇЇ рІерѕЏрЅЁрѕѕрѕџрІФ рѕўрЇЁрѕђрЇЇ
­ЪЉЅ рѕўрїЦрЇІрЅх рІерѕџрЅйрѕЅ **12** рѕЏрѕГріерѕ«рЅй
­ЪЉЅ рІерѕЇрїєрЅйріЋ рѕЮріЊрЅЦ рІерѕџрІФрѕ│рІхрїЅ ріЋрІхрЇјрЅй
­ЪЉЅ ріе **40** рЅарѕІрІГ рїѕрЇєрЅй
­ЪЉЅ рѕЇрїєрЅй ріЦріЋрІ▓рѕхрѕЅ рІерѕџрІФрІ░рѕГрїЅ рїБрЇІрїГ рЅ│рѕфрі«рЅй
­ЪЉЅ рІерѕЮрѕхріГрѕГ рІѕрѕерЅђрЅх

рІІрїІ 1400

рІерѕЏрѕЁрЅарѕФрІі рІхрѕерїѕрЇєрЅ╗рЅйріЋріЋ рІГрїјрЅЦріЎ
https://linktr.ee/meneshaye

рІГрІ░рІЇрѕЅ 0989939393 рІѕрІГрѕЮ 0930323334

**ріарІхрѕФрѕ╗**рЇд 1.рїЅрѕГрІх рѕЙрѕІ рѕєрѕі рѕ▓рЅ▓ рѕ┤ріЋрЅ░рѕГ 
┬а┬а┬а┬а┬а┬а┬а┬а┬а┬а┬а┬а┬а┬а 2. рЇњрІФрѕ│ ріФріЋрЅхрѕф рЅ│рІѕрѕГ 
рЅарЅ░рїерѕЏрѕфрѕЮ ­ЪЉЅ рїђрѕъ рІ░рѕіріЊ рѕърѕЇ рЇц рїѕрѕГрїѓ ріерЇІрІЇріЋрЅ┤ріЋ рѕЁріЋрЇЃ рЇірЅх рѕѕрЇірЅх
#рѕўріљрѕ╗рІг #meneshaye #kidscoloring #coloring #drawing #sketching #art #kidsdrawing #painting #imagination #globalart #funart #creativearts #coloringpage #happykids #kidsactivity #illustration #coloringbook #coloringpages #creativity #dailyaffirmations #coloringtherapy #",2024-12-30 12:46:42+00:00,meneshayeofficial,"рІерѕўріљрѕ╗рІг рѕЏрЅЁрѕѕрѕџрІФ рїЦрЅЁрѕЇ
┬а┬а┬а┬а рІГрѕЁ рїЦрЅЁрѕЇ рѕѕрѕЇрїєрЅйрІј 
┬а┬а ріерѕЏрЅЁрѕѕрѕЮрѕЮ рЅарѕІрІГ ріљрІЇ

 рІерѕЇрїєрЅйрІјріЋ рІерѕЏрЅЁрѕѕрѕЮ рЇЇрѕІрїјрЅх рІерѕџрїерѕЮрѕГ
 рЅђрѕѕрѕЮ рІерѕЏрІФрѕ│рѕЇрЇЇ рІерѕЏрЅЁрѕѕрѕџрІФ рѕўрЇЁрѕђрЇЇ
 рѕўрїЦрЇІрЅх рІерѕџрЅйрѕЅ 12 рѕЏрѕГріерѕ«рЅй
 рІерѕЇрїєрЅйріЋ рѕЮріЊрЅЦ рІерѕџрІФрѕ│рІхрїЅ ріЋрІхрЇјрЅй
 ріе 40 рЅарѕІрІГ рїѕрЇєрЅй
 рѕЇрїєрЅй ріЦріЋрІ▓рѕхрѕЅ рІерѕџрІФрІ░рѕГрїЅ рїБрЇІрїГ рЅ│рѕфрі«рЅй
 рІерѕЮрѕхріГрѕГ рІѕрѕерЅђрЅх

рІІрїІ 1400

рІерѕЏрѕЁрЅарѕФрІі рІхрѕерїѕрЇєрЅ╗рЅйріЋріЋ рІГрїјрЅЦріЎ
httpslinktreemeneshaye

рІГрІ░рІЇрѕЅ 0989939393 рІѕрІГрѕЮ 0930323334

ріарІхрѕФрѕ╗ 1рїЅрѕГрІх рѕЙрѕІ рѕєрѕі рѕ▓рЅ▓ рѕ┤ріЋрЅ░рѕГ 
┬а┬а┬а┬а┬а┬а┬а┬а┬а┬а┬а┬а┬а┬а 2 рЇњрІФрѕ│ ріФріЋрЅхрѕф рЅ│рІѕрѕГ 
рЅарЅ░рїерѕЏрѕфрѕЮ  рїђрѕъ рІ░рѕіріЊ рѕърѕЇ  рїѕрѕГрїѓ ріерЇІрІЇріЋрЅ┤ріЋ рѕЁріЋрЇЃ рЇірЅх рѕѕрЇірЅх
рѕўріљрѕ╗рІг meneshaye kidscoloring coloring drawing sketching art kidsdrawing painting imagination globalart funart creativearts coloringpage happykids kidsactivity illustration coloringbook coloringpages creativity dailyaffirmations coloringtherapy "
"рѕЇрїєрЅйрІј рІхріГ рІхріГ рЅЦрѕѕрІЇ ріЋрїЇрїЇрѕГ рІГрїђрѕЮрѕЕ

­ЪЌБрІхріГрІг рІхріГрІг. . .рІхріГ. . .рІхріГрІг
рѕ░рѕЮрЅ╝ рѕЏрѕЇрїарїЇрЅБрЅх рІЇрЅЦ рѕўрѕЏрѕфрІФрІг


­ЪЉЅрІерѕўрїђрѕўрѕфрІФ рІ░рѕерїЃ рЅБрѕѕрІхрѕЮрЇЁ рІерѕЇрїєрЅй рѕўрѕЏрѕфрІФ
рЅаріарѕЏрѕГріЏ ріЦріЊ рЅаріЦріЋрїЇрѕірІўріЏ рЅІріЋрЅІ

­ЪЉЅрЅхрѕЮрѕЁрѕГрЅх рЅцрЅх рѕІрѕЇрїѕрЅА рЅцрЅх рІЇрѕхрїЦ рѕѕрЅ░рЅђрѕўрїА рѕЁрЇЃріЋ рЅ░рѕўрѕФрїГ

­ЪЉЅрЅарЅ╗рѕГрїЁрѕЮ рЅарЅБрЅхрѕфрѕЮ рІерѕџрѕ░рѕФ рѕ▓рѕєріЋ рІѕрІ░рЅ░рЇѕрѕѕрїѕрІЇ рЅдрЅ│ рІГрІъ рѕѕрѕўріЋрЅђрѕ│рЅђрѕх рѕЮрЅ╣рЇб

рІГрІ░рІЇрѕЅ 0989939393 рІѕрІГрѕЮ 0930323334

http://tiktok.com/@meneshayeofficial


ріарІхрѕФрѕ╗рЇд рїЅрѕГрІх рѕЙрѕІ рѕєрѕі рѕ▓рЅ▓ рѕ┤ріЋрЅ░рѕГ рЇц рЇњрІФрѕ│ ріФріЋрЅхрѕф рЅ│рІѕрѕГ рЇц рїђрѕъ рІ░рѕіріЊ рѕърѕЇ рЇц рїѕрѕГрїѓ ріерЇІрІЇріЋрЅ┤ріЋ рѕЁріЋрЇЃ рЇірЅх рѕѕрЇірЅх",2024-12-27 06:29:22+00:00,meneshayeofficial,"рѕЇрїєрЅйрІј рІхріГ рІхріГ рЅЦрѕѕрІЇ ріЋрїЇрїЇрѕГ рІГрїђрѕЮрѕЕ

рІхріГрІг рІхріГрІг  рІхріГ  рІхріГрІг
рѕ░рѕЮрЅ╝ рѕЏрѕЇрїарїЇрЅБрЅх рІЇрЅЦ рѕўрѕЏрѕфрІФрІг


рІерѕўрїђрѕўрѕфрІФ рІ░рѕерїЃ рЅБрѕѕрІхрѕЮрЇЁ рІерѕЇрїєрЅй рѕўрѕЏрѕфрІФ
рЅаріарѕЏрѕГріЏ ріЦріЊ рЅаріЦріЋрїЇрѕірІўріЏ рЅІріЋрЅІ

рЅхрѕЮрѕЁрѕГрЅх рЅцрЅх рѕІрѕЇрїѕрЅА рЅцрЅх рІЇрѕхрїЦ рѕѕрЅ░рЅђрѕўрїА рѕЁрЇЃріЋ рЅ░рѕўрѕФрїГ

рЅарЅ╗рѕГрїЁрѕЮ рЅарЅБрЅхрѕфрѕЮ рІерѕџрѕ░рѕФ рѕ▓рѕєріЋ рІѕрІ░рЅ░рЇѕрѕѕрїѕрІЇ рЅдрЅ│ рІГрІъ рѕѕрѕўріЋрЅђрѕ│рЅђрѕх рѕЮрЅ╣

рІГрІ░рІЇрѕЅ 0989939393 рІѕрІГрѕЮ 0930323334

httptiktokcommeneshayeofficial


ріарІхрѕФрѕ╗ рїЅрѕГрІх рѕЙрѕІ рѕєрѕі рѕ▓рЅ▓ рѕ┤ріЋрЅ░рѕГ  рЇњрІФрѕ│ ріФріЋрЅхрѕф рЅ│рІѕрѕГ  рїђрѕъ рІ░рѕіріЊ рѕърѕЇ  рїѕрѕГрїѓ ріерЇІрІЇріЋрЅ┤ріЋ рѕЁріЋрЇЃ рЇірЅх рѕѕрЇірЅх"
"рЅ░рІѕрІ│рїЄ рѕџрѕх рЅарЅ░рІѕрІ│рїЂ рѕўріљрѕ╗рІг рѕЎрІџрЅЃ 

рІерЅђрѕѕрѕю рѕўріљрѕ╗ рїЦрЅЁрѕЇ рЅарѕЇрїєрЅй рІўріЋрІх рЅ░рІѕрІ│рїЁ рѕєріЌрѕЇ┬а рЅарЅцрЅх рІЇрѕхрїЦрѕЮ рѕЮрѕГрїЦ рѕўрѕЏрѕфрІФ рѕєріЌрѕЇрЇб",2024-12-26 12:34:29+00:00,meneshayeofficial,"рЅ░рІѕрІ│рїЄ рѕџрѕх рЅарЅ░рІѕрІ│рїЂ рѕўріљрѕ╗рІг рѕЎрІџрЅЃ 

рІерЅђрѕѕрѕю рѕўріљрѕ╗ рїЦрЅЁрѕЇ рЅарѕЇрїєрЅй рІўріЋрІх рЅ░рІѕрІ│рїЁ рѕєріЌрѕЇ┬а рЅарЅцрЅх рІЇрѕхрїЦрѕЮ рѕЮрѕГрїЦ рѕўрѕЏрѕфрІФ рѕєріЌрѕЇ"
"рѕѕрѕЇрїєрЅйрІј рЅхрѕЮрѕЁрѕГрЅхріЊ рїерІІрЅ│
рІўрѕўріЋ рЅ░рѕ╗рїІрѕф рѕхрїдрЅ│

#рѕўріљрѕ╗рІг_рЅ│рЅЦрѕїрЅх_рїЦрЅЁрѕЇ

ріарІхрѕФрѕ╗ рЇд
1 .рїЅрѕГрІх рѕЙрѕІ рѕєрѕі рѕ▓рЅ▓ рѕ┤ріЋрЅ░рѕГ 3ріЏ рЇјрЅЁ
2 . рЇњрІФрѕ│ ріФріЋрЅхрѕф рЅ│рІѕрѕГ 2ріЏ рЇјрЅЁрЇц
3 . рїђрѕъ рІ░рѕіріЊ рѕЁріЋрЇЃ рѕЮрІхрѕГ рѕІрІГ
(ріерідрѕЇрѕЏрѕГрЅх рїјріЋ)
4 . рїѕрѕГрїѓ рѕўрЅЦрѕФрЅх рѕЃрІГрѕЇ
┬а┬а┬а┬а┬а рЇІрІЇріЋрЅ┤ріЋ рѕЁріЋрЇЃ 1ріЏ рЇјрЅЁ

рІГрІ░рІЇрѕЅ 0989939393 рІѕрІГрѕЮ 0930323334

http://tiktok.com/@meneshayeofficial

#Tablet #Meneshaye_Tablet #kids_tablet #uniqe_tablet #latest_version_kids_tablet #iwawa #portableblender┬а #kids_store #shewit #educationaltoys #meneshaye #meneshayestore",2024-12-24 09:50:54+00:00,meneshayeofficial,"рѕѕрѕЇрїєрЅйрІј рЅхрѕЮрѕЁрѕГрЅхріЊ рїерІІрЅ│
рІўрѕўріЋ рЅ░рѕ╗рїІрѕф рѕхрїдрЅ│

рѕўріљрѕ╗рІг_рЅ│рЅЦрѕїрЅх_рїЦрЅЁрѕЇ

ріарІхрѕФрѕ╗ 
1 рїЅрѕГрІх рѕЙрѕІ рѕєрѕі рѕ▓рЅ▓ рѕ┤ріЋрЅ░рѕГ 3ріЏ рЇјрЅЁ
2  рЇњрІФрѕ│ ріФріЋрЅхрѕф рЅ│рІѕрѕГ 2ріЏ рЇјрЅЁ
3  рїђрѕъ рІ░рѕіріЊ рѕЁріЋрЇЃ рѕЮрІхрѕГ рѕІрІГ
ріерідрѕЇрѕЏрѕГрЅх рїјріЋ
4  рїѕрѕГрїѓ рѕўрЅЦрѕФрЅх рѕЃрІГрѕЇ
┬а┬а┬а┬а┬а рЇІрІЇріЋрЅ┤ріЋ рѕЁріЋрЇЃ 1ріЏ рЇјрЅЁ

рІГрІ░рІЇрѕЅ 0989939393 рІѕрІГрѕЮ 0930323334

httptiktokcommeneshayeofficial

Tablet Meneshaye_Tablet kids_tablet uniqe_tablet latest_version_kids_tablet iwawa portableblender┬а kids_store shewit educationaltoys meneshaye meneshayestore"
"Cheers рѕѕрѕЇрїєрЅ╗рЅйріЋ рѕхріЋрѕЇ рІ░рЇІ рЅђріЊ рѕѕрѕЮріЋрѕЇ рІѕрѕІрїєрЅй

рІерѕЇрїєрІјріЋ рѕўріљрѕ╗ рІФрЅЁрѕЇрѕЅ
0911259661 / 0989939393
#fyp,#habesha,#learning,#ethiopia",2024-12-23 13:03:25+00:00,meneshayeofficial,"Cheers рѕѕрѕЇрїєрЅ╗рЅйріЋ рѕхріЋрѕЇ рІ░рЇІ рЅђріЊ рѕѕрѕЮріЋрѕЇ рІѕрѕІрїєрЅй

рІерѕЇрїєрІјріЋ рѕўріљрѕ╗ рІФрЅЁрѕЇрѕЅ
0911259661  0989939393
fyphabeshalearningethiopia"
"рѕўріљрѕ╗рІг рІхріГрІхріГ

­ЪЉЅрІерѕўрїђрѕўрѕфрІФ рІ░рѕерїЃ рЅБрѕѕрІхрѕЮрЇЁ рІерѕЇрїєрЅй рѕўрѕЏрѕфрІФ
рЅаріарѕЏрѕГріЏ ріЦріЊ рЅаріЦріЋрїЇрѕірІўріЏ рЅІріЋрЅІ

­ЪЉЅрЅхрѕЮрѕЁрѕГрЅх рЅцрЅх рѕІрѕЇрїѕрЅА рЅцрЅх рІЇрѕхрїЦ рѕѕрЅ░рЅђрѕўрїА рѕЁрЇЃріЋ рЅ░рѕўрѕФрїГ

­ЪЉЅрЅарЅ╗рѕГрїЁрѕЮ рЅарЅБрЅхрѕфрѕЮ рІерѕџрѕ░рѕФ рѕ▓рѕєріЋ рІѕрІ░рЅ░рЇѕрѕѕрїѕрІЇ рЅдрЅ│ рІГрІъ рѕѕрѕўріЋрЅђрѕ│рЅђрѕх рѕЮрЅ╣рЇб

рІГрІ░рІЇрѕЅ 0989939393 рІѕрІГрѕЮ 0930323334

http://tiktok.com/@meneshayeofficial


ріарІхрѕФрѕ╗рЇд рїЅрѕГрІх рѕЙрѕІ рѕєрѕі рѕ▓рЅ▓ рѕ┤ріЋрЅ░рѕГ рЇц рЇњрІФрѕ│ ріФріЋрЅхрѕф рЅ│рІѕрѕГ рЇц рїђрѕъ рІ░рѕіріЊ рѕърѕЇ рЇц рїѕрѕГрїѓ ріерЇІрІЇріЋрЅ┤ріЋ рѕЁріЋрЇЃ рЇірЅх рѕѕрЇірЅх

­ЪЌБ рЅа ріЦрѕерЇЇрЅх рЅђріЋ рѕѕрѕџрїѕрЅарІФрІЕ рІ░ріЋрЅаріърЅ╗рЅйріЋ 

ріЦрѕЂрІх рѕЎрѕЅ рЅђріЋ ріерїарІІрЅх 3:00 ріарѕхріе рѕЮрѕйрЅх #1:00 #рїЅрѕГрІх_рѕЙрѕІ_рЅЁрѕГріЋрїФрЇЇ ріГрЇЇрЅх рѕўрѕєріЉріЋ ріЦріЊрѕ│рІЇрЅЃрѕѕріЋ!",2024-12-21 11:58:55+00:00,meneshayeofficial,"рѕўріљрѕ╗рІг рІхріГрІхріГ

рІерѕўрїђрѕўрѕфрІФ рІ░рѕерїЃ рЅБрѕѕрІхрѕЮрЇЁ рІерѕЇрїєрЅй рѕўрѕЏрѕфрІФ
рЅаріарѕЏрѕГріЏ ріЦріЊ рЅаріЦріЋрїЇрѕірІўріЏ рЅІріЋрЅІ

рЅхрѕЮрѕЁрѕГрЅх рЅцрЅх рѕІрѕЇрїѕрЅА рЅцрЅх рІЇрѕхрїЦ рѕѕрЅ░рЅђрѕўрїА рѕЁрЇЃріЋ рЅ░рѕўрѕФрїГ

рЅарЅ╗рѕГрїЁрѕЮ рЅарЅБрЅхрѕфрѕЮ рІерѕџрѕ░рѕФ рѕ▓рѕєріЋ рІѕрІ░рЅ░рЇѕрѕѕрїѕрІЇ рЅдрЅ│ рІГрІъ рѕѕрѕўріЋрЅђрѕ│рЅђрѕх рѕЮрЅ╣

рІГрІ░рІЇрѕЅ 0989939393 рІѕрІГрѕЮ 0930323334

httptiktokcommeneshayeofficial


ріарІхрѕФрѕ╗ рїЅрѕГрІх рѕЙрѕІ рѕєрѕі рѕ▓рЅ▓ рѕ┤ріЋрЅ░рѕГ  рЇњрІФрѕ│ ріФріЋрЅхрѕф рЅ│рІѕрѕГ  рїђрѕъ рІ░рѕіріЊ рѕърѕЇ  рїѕрѕГрїѓ ріерЇІрІЇріЋрЅ┤ріЋ рѕЁріЋрЇЃ рЇірЅх рѕѕрЇірЅх

 рЅа ріЦрѕерЇЇрЅх рЅђріЋ рѕѕрѕџрїѕрЅарІФрІЕ рІ░ріЋрЅаріърЅ╗рЅйріЋ 

ріЦрѕЂрІх рѕЎрѕЅ рЅђріЋ ріерїарІІрЅх 300 ріарѕхріе рѕЮрѕйрЅх 100 рїЅрѕГрІх_рѕЙрѕІ_рЅЁрѕГріЋрїФрЇЇ ріГрЇЇрЅх рѕўрѕєріЉріЋ ріЦріЊрѕ│рІЇрЅЃрѕѕріЋ"
"рѕѓрѕ│рЅЦ рѕѕрѕЇрїєрЅй ріЦріЋрІ░рѕЏрѕхрЅ░рѕЏрѕГ рІерѕџрІФрѕ░рѕѕрЅй ріЦріЊ рІерѕџрІФрІ░ріГрѕЮ ріљрїѕрѕГ рІерѕѕрѕЮ! рЅаріЦрѕГрїЇрїаріЮріљрЅх рЅарІџрѕЁ рѕЃрѕ│рЅЦ рЅЦрІЎ рІѕрѕІрїєрЅй рЅхрѕхрѕЏрѕЏрѕІрЅйрѕЂ ріЦріЊ рЅарІџрѕЁ video┬а **рІерѕѓрѕ│рЅЦ рѕірЅЁ рѕўріљрѕ╗ !! рѕЮріЋ ріЦріЋрІ░рѕєріљ рЅарѕГрїЇрїаріЮріљрЅх рЅхрѕерІ│рѕІрЅ╣**

рІГрІ░рІЇрѕЅ 0989939393 рІѕрІГрѕЮ 0930323334

http://tiktok.com/@meneshayeofficial


ріарІхрѕФрѕ╗рЇд рїЅрѕГрІх рѕЙрѕІ рѕєрѕі рѕ▓рЅ▓ рѕ┤ріЋрЅ░рѕГ рЇц рЇњрІФрѕ│ ріФріЋрЅхрѕф рЅ│рІѕрѕГ рЇц рїђрѕъ рІ░рѕіріЊ рѕърѕЇ рЇц рїѕрѕГрїѓ ріерЇІрІЇріЋрЅ┤ріЋ рѕЁріЋрЇЃ рЇірЅх рѕѕрЇірЅх",2024-12-20 08:39:57+00:00,meneshayeofficial,"рѕѓрѕ│рЅЦ рѕѕрѕЇрїєрЅй ріЦріЋрІ░рѕЏрѕхрЅ░рѕЏрѕГ рІерѕџрІФрѕ░рѕѕрЅй ріЦріЊ рІерѕџрІФрІ░ріГрѕЮ ріљрїѕрѕГ рІерѕѕрѕЮ рЅаріЦрѕГрїЇрїаріЮріљрЅх рЅарІџрѕЁ рѕЃрѕ│рЅЦ рЅЦрІЎ рІѕрѕІрїєрЅй рЅхрѕхрѕЏрѕЏрѕІрЅйрѕЂ ріЦріЊ рЅарІџрѕЁ video┬а рІерѕѓрѕ│рЅЦ рѕірЅЁ рѕўріљрѕ╗  рѕЮріЋ ріЦріЋрІ░рѕєріљ рЅарѕГрїЇрїаріЮріљрЅх рЅхрѕерІ│рѕІрЅ╣

рІГрІ░рІЇрѕЅ 0989939393 рІѕрІГрѕЮ 0930323334

httptiktokcommeneshayeofficial


ріарІхрѕФрѕ╗ рїЅрѕГрІх рѕЙрѕІ рѕєрѕі рѕ▓рЅ▓ рѕ┤ріЋрЅ░рѕГ  рЇњрІФрѕ│ ріФріЋрЅхрѕф рЅ│рІѕрѕГ  рїђрѕъ рІ░рѕіріЊ рѕърѕЇ  рїѕрѕГрїѓ ріерЇІрІЇріЋрЅ┤ріЋ рѕЁріЋрЇЃ рЇірЅх рѕѕрЇірЅх"
"рІерЅђрѕѕрѕю рѕўріљрѕ╗ рїЦрЅЁрѕЇ

­ЪЉЅріеріЦрѕГрѕ│рѕх ріарІФрІФрІЮ рЅйрѕјрЅ│ рїђрѕЮрѕ« рѕЇрїєрЅйріЋ рѕЏріЋрЅарЅЦ рЇБ рѕўрЇЃрЇЇ рЇБ рѕЏрІ│рѕўрїЦ ріЦріЊ рѕЏріЋрЅарЅЦ┬а рЅйрѕјрЅ│рЅИрІЇріЋ рЅарЅ░рЅђріЊрїђ рѕўрѕЇріЕ рЅарѕЮрѕхрѕЇ рЇБ рЅарІхрѕЮрЇЁріЊ рЅарЅ░рїЇрЅБрѕГ рІерѕџрѕѕрѕЏрѕўрІ▒рЅарЅх ріарѕхрІ░ріЊрЅѓ рїЦрЅЁрѕЇ

­ЪЉЅрЅаріарѕЏрѕГріЏ ріЦріЊ рЅаріЦріЋрїЇрѕірІўріЏ рЅІріЋрЅІ рІерЅ░рІўрїІрїђ
­ЪЉЅрІерѕЇрїєрЅйріЋ рѕўрѕЏрѕГ рЇЇрѕІрїјрЅх рІерѕџрІФріљрѕ│рѕ▒ 68 рѕўрѕЏрѕфрІФрІјрЅйріЋ рїЇрѕЇрЇЁ ріерѕєріљ ріарїарЅЃрЅђрѕЮ рѕўрѕўрѕфрІФ рїІрѕГ рІерІФрІў


­ЪЉЅрІ░рїІрїЇрѕўрІЇ рІерѕџрїарЅђрѕЎрЅБрЅИрІЇ 11 рѕўрЇЃрѕЁрЇЇрЅх
­ЪЉЅ рЅБрѕѕ рІхрѕЮрЇЁ рѕўрѕЏрѕфрІФ рѕўріљрѕ╗рІг рЇЊрІх
­ЪЉЅ 2 рЅа1 рѕ░рѕїрІ│
­ЪЉЅ ріцрѕїріГрЅхрѕ«ріњріГ рѕ░рѕїрІ│
­ЪЉЅ рІерѕ░рІЊрЅх рѕўрѕЏрѕфрІФ рЅдрѕГрІх
­ЪЉЅріе20 рЅарѕІрІГ рѕЏрѕГріерѕ«рЅйріЊ рїарѕўріћрІјрЅй
­ЪЉЅ рЅарІХ/рѕГ рібрІ«рЅЦ рѕЏрѕъ рЅ░рІўрїІрїЁрЅ▒ рѕѕрІѕрѕІрїєрЅй ріерѕўріљрѕ╗рІг ріерЅ░рЅарѕеріерЅ░ рѕхрїдрЅ│ рїІрѕГ

рІІрїІ 12000


рІерѕЏрѕЁрЅарѕФрІі рІхрѕерїѕрЇєрЅ╗рЅйріЋріЋ рІГрїјрЅЦріЎ
https://linktr.ee/meneshaye

рІГрІ░рІЇрѕЅ 0989939393 рІѕрІГрѕЮ 0930323334

**ріарІхрѕФрѕ╗**рЇд 1.рїЅрѕГрІх рѕЙрѕІ рѕєрѕі рѕ▓рЅ▓ рѕ┤ріЋрЅ░рѕГ 
┬а┬а┬а┬а┬а┬а┬а┬а┬а┬а┬а┬а┬а┬а 2. рЇњрІФрѕ│ ріФріЋрЅхрѕф рЅ│рІѕрѕГ 
рЅарЅ░рїерѕЏрѕфрѕЮ ­ЪЉЅ рїђрѕъ рІ░рѕіріЊ рѕърѕЇ рЇц рїѕрѕГрїѓ ріерЇІрІЇріЋрЅ┤ріЋ рѕЁріЋрЇЃ рЇірЅх рѕѕрЇірЅх

#meneshaye #рѕўріљрѕ╗рІг #kidsmaths #kids #success #focus #children #education┬а #science #knowledge #math #maths #mathematics #concentration┬а┬а #primaryeducation┬а #braindevelopment #kidsimagination",2024-12-19 08:45:35+00:00,meneshayeofficial,"рІерЅђрѕѕрѕю рѕўріљрѕ╗ рїЦрЅЁрѕЇ

ріеріЦрѕГрѕ│рѕх ріарІФрІФрІЮ рЅйрѕјрЅ│ рїђрѕЮрѕ« рѕЇрїєрЅйріЋ рѕЏріЋрЅарЅЦ  рѕўрЇЃрЇЇ  рѕЏрІ│рѕўрїЦ ріЦріЊ рѕЏріЋрЅарЅЦ┬а рЅйрѕјрЅ│рЅИрІЇріЋ рЅарЅ░рЅђріЊрїђ рѕўрѕЇріЕ рЅарѕЮрѕхрѕЇ  рЅарІхрѕЮрЇЁріЊ рЅарЅ░рїЇрЅБрѕГ рІерѕџрѕѕрѕЏрѕўрІ▒рЅарЅх ріарѕхрІ░ріЊрЅѓ рїЦрЅЁрѕЇ

рЅаріарѕЏрѕГріЏ ріЦріЊ рЅаріЦріЋрїЇрѕірІўріЏ рЅІріЋрЅІ рІерЅ░рІўрїІрїђ
рІерѕЇрїєрЅйріЋ рѕўрѕЏрѕГ рЇЇрѕІрїјрЅх рІерѕџрІФріљрѕ│рѕ▒ 68 рѕўрѕЏрѕфрІФрІјрЅйріЋ рїЇрѕЇрЇЁ ріерѕєріљ ріарїарЅЃрЅђрѕЮ рѕўрѕўрѕфрІФ рїІрѕГ рІерІФрІў


рІ░рїІрїЇрѕўрІЇ рІерѕџрїарЅђрѕЎрЅБрЅИрІЇ 11 рѕўрЇЃрѕЁрЇЇрЅх
 рЅБрѕѕ рІхрѕЮрЇЁ рѕўрѕЏрѕфрІФ рѕўріљрѕ╗рІг рЇЊрІх
 2 рЅа1 рѕ░рѕїрІ│
 ріцрѕїріГрЅхрѕ«ріњріГ рѕ░рѕїрІ│
 рІерѕ░рІЊрЅх рѕўрѕЏрѕфрІФ рЅдрѕГрІх
ріе20 рЅарѕІрІГ рѕЏрѕГріерѕ«рЅйріЊ рїарѕўріћрІјрЅй
 рЅарІХрѕГ рібрІ«рЅЦ рѕЏрѕъ рЅ░рІўрїІрїЁрЅ▒ рѕѕрІѕрѕІрїєрЅй ріерѕўріљрѕ╗рІг ріерЅ░рЅарѕеріерЅ░ рѕхрїдрЅ│ рїІрѕГ

рІІрїІ 12000


рІерѕЏрѕЁрЅарѕФрІі рІхрѕерїѕрЇєрЅ╗рЅйріЋріЋ рІГрїјрЅЦріЎ
httpslinktreemeneshaye

рІГрІ░рІЇрѕЅ 0989939393 рІѕрІГрѕЮ 0930323334

ріарІхрѕФрѕ╗ 1рїЅрѕГрІх рѕЙрѕІ рѕєрѕі рѕ▓рЅ▓ рѕ┤ріЋрЅ░рѕГ 
┬а┬а┬а┬а┬а┬а┬а┬а┬а┬а┬а┬а┬а┬а 2 рЇњрІФрѕ│ ріФріЋрЅхрѕф рЅ│рІѕрѕГ 
рЅарЅ░рїерѕЏрѕфрѕЮ  рїђрѕъ рІ░рѕіріЊ рѕърѕЇ  рїѕрѕГрїѓ ріерЇІрІЇріЋрЅ┤ріЋ рѕЁріЋрЇЃ рЇірЅх рѕѕрЇірЅх

meneshaye рѕўріљрѕ╗рІг kidsmaths kids success focus children education┬а science knowledge math maths mathematics concentration┬а┬а primaryeducation┬а braindevelopment kidsimagination"
"­ЪЌБрІхріГрІг рІхріГрІг. . .рІхріГ. . .рІхріГрІг
рѕ░рѕЮрЅ╝ рѕЏрѕЇрїарїЇрЅБрЅх рІЇрЅЦ рѕўрѕЏрѕфрІФрІг

рІГрІ░рІЇрѕЅ 0989939393 рІѕрІГрѕЮ 0930323334

http://tiktok.com/@meneshayeofficial


ріарІхрѕФрѕ╗рЇд рїЅрѕГрІх рѕЙрѕІ рѕєрѕі рѕ▓рЅ▓ рѕ┤ріЋрЅ░рѕГ рЇц рЇњрІФрѕ│ ріФріЋрЅхрѕф рЅ│рІѕрѕГ рЇц рїђрѕъ рІ░рѕіріЊ рѕърѕЇ рЇц рїѕрѕГрїѓ ріерЇІрІЇріЋрЅ┤ріЋ рѕЁріЋрЇЃ рЇірЅх рѕѕрЇірЅх",2024-12-17 10:03:42+00:00,meneshayeofficial,"рІхріГрІг рІхріГрІг  рІхріГ  рІхріГрІг
рѕ░рѕЮрЅ╝ рѕЏрѕЇрїарїЇрЅБрЅх рІЇрЅЦ рѕўрѕЏрѕфрІФрІг

рІГрІ░рІЇрѕЅ 0989939393 рІѕрІГрѕЮ 0930323334

httptiktokcommeneshayeofficial


ріарІхрѕФрѕ╗ рїЅрѕГрІх рѕЙрѕІ рѕєрѕі рѕ▓рЅ▓ рѕ┤ріЋрЅ░рѕГ  рЇњрІФрѕ│ ріФріЋрЅхрѕф рЅ│рІѕрѕГ  рїђрѕъ рІ░рѕіріЊ рѕърѕЇ  рїѕрѕГрїѓ ріерЇІрІЇріЋрЅ┤ріЋ рѕЁріЋрЇЃ рЇірЅх рѕѕрЇірЅх"
"рІерЅђрѕѕрѕю рѕўріљрѕ╗ рїЦрЅЁрѕЇ

­ЪЉЅріеріЦрѕГрѕ│рѕх ріарІФрІФрІЮ рЅйрѕјрЅ│ рїђрѕЮрѕ« рѕЇрїєрЅйріЋ рѕЏріЋрЅарЅЦ рЇБ рѕўрЇЃрЇЇ рЇБ рѕЏрІ│рѕўрїЦ ріЦріЊ рѕЏріЋрЅарЅЦ┬а рЅйрѕјрЅ│рЅИрІЇріЋ рЅарЅ░рЅђріЊрїђ рѕўрѕЇріЕ рЅарѕЮрѕхрѕЇ рЇБ рЅарІхрѕЮрЇЁріЊ рЅарЅ░рїЇрЅБрѕГ рІерѕџрѕѕрѕЏрѕўрІ▒рЅарЅх ріарѕхрІ░ріЊрЅѓ рїЦрЅЁрѕЇ

­ЪЉЅрЅаріарѕЏрѕГріЏ ріЦріЊ рЅаріЦріЋрїЇрѕірІўріЏ рЅІріЋрЅІ рІерЅ░рІўрїІрїђ
­ЪЉЅрІерѕЇрїєрЅйріЋ рѕўрѕЏрѕГ рЇЇрѕІрїјрЅх рІерѕџрІФріљрѕ│рѕ▒ 68 рѕўрѕЏрѕфрІФрІјрЅйріЋ рїЇрѕЇрЇЁ ріерѕєріљ ріарїарЅЃрЅђрѕЮ рѕўрѕўрѕфрІФ рїІрѕГ рІерІФрІў


­ЪЉЅрІ░рїІрїЇрѕўрІЇ рІерѕџрїарЅђрѕЎрЅБрЅИрІЇ 11 рѕўрЇЃрѕЁрЇЇрЅх
­ЪЉЅ рЅБрѕѕ рІхрѕЮрЇЁ рѕўрѕЏрѕфрІФ рѕўріљрѕ╗рІг рЇЊрІх
­ЪЉЅ 2 рЅа1 рѕ░рѕїрІ│
­ЪЉЅ ріцрѕїріГрЅхрѕ«ріњріГ рѕ░рѕїрІ│
­ЪЉЅ рІерѕ░рІЊрЅх рѕўрѕЏрѕфрІФ рЅдрѕГрІх
­ЪЉЅріе20 рЅарѕІрІГ рѕЏрѕГріерѕ«рЅйріЊ рїарѕўріћрІјрЅй
­ЪЉЅ рЅарІХ/рѕГ рібрІ«рЅЦ рѕЏрѕъ рЅ░рІўрїІрїЁрЅ▒ рѕѕрІѕрѕІрїєрЅй ріерѕўріљрѕ╗рІг ріерЅ░рЅарѕеріерЅ░ рѕхрїдрЅ│ рїІрѕГ

рІІрїІ 12000


рІерѕЏрѕЁрЅарѕФрІі рІхрѕерїѕрЇєрЅ╗рЅйріЋріЋ рІГрїјрЅЦріЎ
https://linktr.ee/meneshaye

рІГрІ░рІЇрѕЅ 0989939393 рІѕрІГрѕЮ 0930323334

**ріарІхрѕФрѕ╗**рЇд 1.рїЅрѕГрІх рѕЙрѕІ рѕєрѕі рѕ▓рЅ▓ рѕ┤ріЋрЅ░рѕГ 
┬а┬а┬а┬а┬а┬а┬а┬а┬а┬а┬а┬а┬а┬а 2. рЇњрІФрѕ│ ріФріЋрЅхрѕф рЅ│рІѕрѕГ 
рЅарЅ░рїерѕЏрѕфрѕЮ ­ЪЉЅ рїђрѕъ рІ░рѕіріЊ рѕърѕЇ рЇц рїѕрѕГрїѓ ріерЇІрІЇріЋрЅ┤ріЋ рѕЁріЋрЇЃ рЇірЅх рѕѕрЇірЅх

#meneshaye #рѕўріљрѕ╗рІг #kidsmaths #kids #success #focus #children #education┬а #science #knowledge #math #maths #mathematics #concentration┬а┬а #primaryeducation┬а #braindevelopment #kidsimagination",2024-12-16 07:37:16+00:00,meneshayeofficial,"рІерЅђрѕѕрѕю рѕўріљрѕ╗ рїЦрЅЁрѕЇ

ріеріЦрѕГрѕ│рѕх ріарІФрІФрІЮ рЅйрѕјрЅ│ рїђрѕЮрѕ« рѕЇрїєрЅйріЋ рѕЏріЋрЅарЅЦ  рѕўрЇЃрЇЇ  рѕЏрІ│рѕўрїЦ ріЦріЊ рѕЏріЋрЅарЅЦ┬а рЅйрѕјрЅ│рЅИрІЇріЋ рЅарЅ░рЅђріЊрїђ рѕўрѕЇріЕ рЅарѕЮрѕхрѕЇ  рЅарІхрѕЮрЇЁріЊ рЅарЅ░рїЇрЅБрѕГ рІерѕџрѕѕрѕЏрѕўрІ▒рЅарЅх ріарѕхрІ░ріЊрЅѓ рїЦрЅЁрѕЇ

рЅаріарѕЏрѕГріЏ ріЦріЊ рЅаріЦріЋрїЇрѕірІўріЏ рЅІріЋрЅІ рІерЅ░рІўрїІрїђ
рІерѕЇрїєрЅйріЋ рѕўрѕЏрѕГ рЇЇрѕІрїјрЅх рІерѕџрІФріљрѕ│рѕ▒ 68 рѕўрѕЏрѕфрІФрІјрЅйріЋ рїЇрѕЇрЇЁ ріерѕєріљ ріарїарЅЃрЅђрѕЮ рѕўрѕўрѕфрІФ рїІрѕГ рІерІФрІў


рІ░рїІрїЇрѕўрІЇ рІерѕџрїарЅђрѕЎрЅБрЅИрІЇ 11 рѕўрЇЃрѕЁрЇЇрЅх
 рЅБрѕѕ рІхрѕЮрЇЁ рѕўрѕЏрѕфрІФ рѕўріљрѕ╗рІг рЇЊрІх
 2 рЅа1 рѕ░рѕїрІ│
 ріцрѕїріГрЅхрѕ«ріњріГ рѕ░рѕїрІ│
 рІерѕ░рІЊрЅх рѕўрѕЏрѕфрІФ рЅдрѕГрІх
ріе20 рЅарѕІрІГ рѕЏрѕГріерѕ«рЅйріЊ рїарѕўріћрІјрЅй
 рЅарІХрѕГ рібрІ«рЅЦ рѕЏрѕъ рЅ░рІўрїІрїЁрЅ▒ рѕѕрІѕрѕІрїєрЅй ріерѕўріљрѕ╗рІг ріерЅ░рЅарѕеріерЅ░ рѕхрїдрЅ│ рїІрѕГ

рІІрїІ 12000


рІерѕЏрѕЁрЅарѕФрІі рІхрѕерїѕрЇєрЅ╗рЅйріЋріЋ рІГрїјрЅЦріЎ
httpslinktreemeneshaye

рІГрІ░рІЇрѕЅ 0989939393 рІѕрІГрѕЮ 0930323334

ріарІхрѕФрѕ╗ 1рїЅрѕГрІх рѕЙрѕІ рѕєрѕі рѕ▓рЅ▓ рѕ┤ріЋрЅ░рѕГ 
┬а┬а┬а┬а┬а┬а┬а┬а┬а┬а┬а┬а┬а┬а 2 рЇњрІФрѕ│ ріФріЋрЅхрѕф рЅ│рІѕрѕГ 
рЅарЅ░рїерѕЏрѕфрѕЮ  рїђрѕъ рІ░рѕіріЊ рѕърѕЇ  рїѕрѕГрїѓ ріерЇІрІЇріЋрЅ┤ріЋ рѕЁріЋрЇЃ рЇірЅх рѕѕрЇірЅх

meneshaye рѕўріљрѕ╗рІг kidsmaths kids success focus children education┬а science knowledge math maths mathematics concentration┬а┬а primaryeducation┬а braindevelopment kidsimagination"
"**рІерѕѓрѕ│рЅЦ рѕірЅЁ рѕўріљрѕ╗ рїЦрЅЁрѕЇ!!
рѕЇрїєрЅй рЅарїерІІрЅ│ ріерЅЂрїЦрѕ«рЅй рѕ▓рІІрІ░рІ▒
рІерѕѓрѕ│рЅЦ рѕірЅЁ рѕѕрѕўрѕєріЋ рѕЮрЅ╣ ріљрІЇ рѕўріЋрїѕрІ▒**

рІерѕЏрѕЁрЅарѕФрІі рІхрѕерїѕрЇєрЅ╗рЅйріЋріЋ рІГрїјрЅЦріЎ
https://linktr.ee/meneshaye

рІГрІ░рІЇрѕЅ 0989939393 рІѕрІГрѕЮ 0930323334

**ріарІхрѕФрѕ╗**рЇд 1.рїЅрѕГрІх рѕЙрѕІ рѕєрѕі рѕ▓рЅ▓ рѕ┤ріЋрЅ░рѕГ 
┬а┬а┬а┬а┬а┬а┬а┬а┬а┬а┬а┬а┬а┬а 2. рЇњрІФрѕ│ ріФріЋрЅхрѕф рЅ│рІѕрѕГ 
рЅарЅ░рїерѕЏрѕфрѕЮ ­ЪЉЅ рїђрѕъ рІ░рѕіріЊ рѕърѕЇ рЇц рїѕрѕГрїѓ ріерЇІрІЇріЋрЅ┤ріЋ рѕЁріЋрЇЃ рЇірЅх рѕѕрЇірЅх

#meneshaye #рѕўріљрѕ╗рІг #kidsmaths #kids #success #focus #children #education┬а #science #knowledge #math #maths #mathematics #concentration┬а┬а #primaryeducation┬а #braindevelopment #kidsimagination",2024-12-13 08:06:25+00:00,meneshayeofficial,"рІерѕѓрѕ│рЅЦ рѕірЅЁ рѕўріљрѕ╗ рїЦрЅЁрѕЇ
рѕЇрїєрЅй рЅарїерІІрЅ│ ріерЅЂрїЦрѕ«рЅй рѕ▓рІІрІ░рІ▒
рІерѕѓрѕ│рЅЦ рѕірЅЁ рѕѕрѕўрѕєріЋ рѕЮрЅ╣ ріљрІЇ рѕўріЋрїѕрІ▒

рІерѕЏрѕЁрЅарѕФрІі рІхрѕерїѕрЇєрЅ╗рЅйріЋріЋ рІГрїјрЅЦріЎ
httpslinktreemeneshaye

рІГрІ░рІЇрѕЅ 0989939393 рІѕрІГрѕЮ 0930323334

ріарІхрѕФрѕ╗ 1рїЅрѕГрІх рѕЙрѕІ рѕєрѕі рѕ▓рЅ▓ рѕ┤ріЋрЅ░рѕГ 
┬а┬а┬а┬а┬а┬а┬а┬а┬а┬а┬а┬а┬а┬а 2 рЇњрІФрѕ│ ріФріЋрЅхрѕф рЅ│рІѕрѕГ 
рЅарЅ░рїерѕЏрѕфрѕЮ  рїђрѕъ рІ░рѕіріЊ рѕърѕЇ  рїѕрѕГрїѓ ріерЇІрІЇріЋрЅ┤ріЋ рѕЁріЋрЇЃ рЇірЅх рѕѕрЇірЅх

meneshaye рѕўріљрѕ╗рІг kidsmaths kids success focus children education┬а science knowledge math maths mathematics concentration┬а┬а primaryeducation┬а braindevelopment kidsimagination"
"рІЇрІх рІѕрѕІрїЁ рІГрѕЁріЋріЋ рІФрІЇрЅЂ рІГрѕЂріЋ ?

­ЪЉЅріеріцрѕїріГрЅхрѕ«ріњріГрѕх рїІрѕГ рЅ░рІФрІГрІъ рѕЇрїєрЅй рЅХрѕј ріарЇЇ рІФрѕѕрѕўрЇЇрЅ│рЅх  рІеріЋрїЇрїЇрѕГ ріГрѕЁрѕјрЅх рѕЏрїБрЅхрЇБ рІерЅхріЕрѕерЅх рѕЏрїБрЅхрЇБ рІерЅБрѕЁрѕф рѕўрѕѕрІІрІѕрїЦрЇБ рЅЂрїА ріЦріЊ ріљрїГ ріЊрїФ рІерѕўрѕєріЋ рЅйрїЇрѕГ ріЦрІерЅарІЏ ріљрІЇрЇб 
 ріЦріЋрІ░рІџрѕЁ #ріеріЦрѕхріГрѕфріЋ рїІрѕГ рЅ░рІФрІГрІъ рІерѕџрЇѕрїарѕГ рЅйрїЇрѕГ рІХріГрЅ░рѕ«рЅй #virtual_Autisim рІГрѕЅрЅ│рѕЇрЇб

­ЪЉЅріе screen рїІрѕГ рЅ░рІФрІГрІъ рѕѕрѕџрЇѕрїарѕЕ рЅйрїЇрѕ«рЅй #рІерїцріЊ_рЅБрѕѕрѕЎрІФрІјрЅй рѕЮріЋ ріарІГріљрЅх рѕўрЇЇрЅхрѕё рІГріљрїЇрѕЕріЊрѕЇ ?? ріЦрѕхрЅ▓ рЅфрІхрІ« ріЦріЋрѕўрѕЇріерЅх!!",2024-12-12 07:46:19+00:00,meneshayeofficial,"рІЇрІх рІѕрѕІрїЁ рІГрѕЁріЋріЋ рІФрІЇрЅЂ рІГрѕЂріЋ 

ріеріцрѕїріГрЅхрѕ«ріњріГрѕх рїІрѕГ рЅ░рІФрІГрІъ рѕЇрїєрЅй рЅХрѕј ріарЇЇ рІФрѕѕрѕўрЇЇрЅ│рЅх  рІеріЋрїЇрїЇрѕГ ріГрѕЁрѕјрЅх рѕЏрїБрЅх рІерЅхріЕрѕерЅх рѕЏрїБрЅх рІерЅБрѕЁрѕф рѕўрѕѕрІІрІѕрїЦ рЅЂрїА ріЦріЊ ріљрїГ ріЊрїФ рІерѕўрѕєріЋ рЅйрїЇрѕГ ріЦрІерЅарІЏ ріљрІЇ 
 ріЦріЋрІ░рІџрѕЁ ріеріЦрѕхріГрѕфріЋ рїІрѕГ рЅ░рІФрІГрІъ рІерѕџрЇѕрїарѕГ рЅйрїЇрѕГ рІХріГрЅ░рѕ«рЅй virtual_Autisim рІГрѕЅрЅ│рѕЇ

ріе screen рїІрѕГ рЅ░рІФрІГрІъ рѕѕрѕџрЇѕрїарѕЕ рЅйрїЇрѕ«рЅй рІерїцріЊ_рЅБрѕѕрѕЎрІФрІјрЅй рѕЮріЋ ріарІГріљрЅх рѕўрЇЇрЅхрѕё рІГріљрїЇрѕЕріЊрѕЇ  ріЦрѕхрЅ▓ рЅфрІхрІ« ріЦріЋрѕўрѕЇріерЅх"
"рѕўріљрѕ╗рІг рІхріГрІхріГ

­ЪЉЅрІерѕўрїђрѕўрѕфрІФ рІ░рѕерїЃ рЅБрѕѕрІхрѕЮрЇЁ рІерѕЇрїєрЅй рѕўрѕЏрѕфрІФ
рЅаріарѕЏрѕГріЏ ріЦріЊ рЅаріЦріЋрїЇрѕірІўріЏ рЅІріЋрЅІ

­ЪЉЅрЅхрѕЮрѕЁрѕГрЅх рЅцрЅх рѕІрѕЇрїѕрЅА рЅцрЅх рІЇрѕхрїЦ рѕѕрЅ░рЅђрѕўрїА рѕЁрЇЃріЋ рЅ░рѕўрѕФрїГ

­ЪЉЅрЅарЅ╗рѕГрїЁрѕЮ рЅарЅБрЅхрѕфрѕЮ рІерѕџрѕ░рѕФ рѕ▓рѕєріЋ рІѕрІ░рЅ░рЇѕрѕѕрїѕрІЇ рЅдрЅ│ рІГрІъ рѕѕрѕўріЋрЅђрѕ│рЅђрѕх рѕЮрЅ╣рЇб

рІГрІ░рІЇрѕЅ 0989939393 рІѕрІГрѕЮ 0930323334

http://tiktok.com/@meneshayeofficial


ріарІхрѕФрѕ╗рЇд рїЅрѕГрІх рѕЙрѕІ рѕєрѕі рѕ▓рЅ▓ рѕ┤ріЋрЅ░рѕГ рЇц рЇњрІФрѕ│ ріФріЋрЅхрѕф рЅ│рІѕрѕГ рЇц рїђрѕъ рІ░рѕіріЊ рѕърѕЇ рЇц рїѕрѕГрїѓ ріерЇІрІЇріЋрЅ┤ріЋ рѕЁріЋрЇЃ рЇірЅх рѕѕрЇірЅх",2024-12-11 07:46:51+00:00,meneshayeofficial,"рѕўріљрѕ╗рІг рІхріГрІхріГ

рІерѕўрїђрѕўрѕфрІФ рІ░рѕерїЃ рЅБрѕѕрІхрѕЮрЇЁ рІерѕЇрїєрЅй рѕўрѕЏрѕфрІФ
рЅаріарѕЏрѕГріЏ ріЦріЊ рЅаріЦріЋрїЇрѕірІўріЏ рЅІріЋрЅІ

рЅхрѕЮрѕЁрѕГрЅх рЅцрЅх рѕІрѕЇрїѕрЅА рЅцрЅх рІЇрѕхрїЦ рѕѕрЅ░рЅђрѕўрїА рѕЁрЇЃріЋ рЅ░рѕўрѕФрїГ

рЅарЅ╗рѕГрїЁрѕЮ рЅарЅБрЅхрѕфрѕЮ рІерѕџрѕ░рѕФ рѕ▓рѕєріЋ рІѕрІ░рЅ░рЇѕрѕѕрїѕрІЇ рЅдрЅ│ рІГрІъ рѕѕрѕўріЋрЅђрѕ│рЅђрѕх рѕЮрЅ╣

рІГрІ░рІЇрѕЅ 0989939393 рІѕрІГрѕЮ 0930323334

httptiktokcommeneshayeofficial


ріарІхрѕФрѕ╗ рїЅрѕГрІх рѕЙрѕІ рѕєрѕі рѕ▓рЅ▓ рѕ┤ріЋрЅ░рѕГ  рЇњрІФрѕ│ ріФріЋрЅхрѕф рЅ│рІѕрѕГ  рїђрѕъ рІ░рѕіріЊ рѕърѕЇ  рїѕрѕГрїѓ ріерЇІрІЇріЋрЅ┤ріЋ рѕЁріЋрЇЃ рЇірЅх рѕѕрЇірЅх"
"ріЉріЉрѕ╗рІг ріарЅБрЅи рЅарїѕрІЏрѕІрЅх рІхріЋрЅЁ рѕхрїдрЅ│ ріЦріЋрІ▓рѕЁ ріЦрІерЅ░рѕЏрѕерЅй рЅхрїѕріЏрѕѕрЅй. . . . . ріЦрѕГрѕХрѕх рѕѕрѕЇрїєрІј рѕўрѕЏрѕфрІФ рѕЮріЋ ріарѕхрЅарІІрѕЇ ??

"" рЅарЅђрѕѕрѕю рѕўріљрѕ╗ рїЦрЅЁрѕЇ  рІерѕЇрїєрІјріЋ рІерЅђрѕѕрѕў рѕўріљрѕ╗ рІФрЅЁрѕЇрѕЅ""",2024-12-10 08:53:12+00:00,meneshayeofficial,"ріЉріЉрѕ╗рІг ріарЅБрЅи рЅарїѕрІЏрѕІрЅх рІхріЋрЅЁ рѕхрїдрЅ│ ріЦріЋрІ▓рѕЁ ріЦрІерЅ░рѕЏрѕерЅй рЅхрїѕріЏрѕѕрЅй     ріЦрѕГрѕХрѕх рѕѕрѕЇрїєрІј рѕўрѕЏрѕфрІФ рѕЮріЋ ріарѕхрЅарІІрѕЇ 

 рЅарЅђрѕѕрѕю рѕўріљрѕ╗ рїЦрЅЁрѕЇ  рІерѕЇрїєрІјріЋ рІерЅђрѕѕрѕў рѕўріљрѕ╗ рІФрЅЁрѕЇрѕЅ"
"**рІерЅђрѕѕрѕю рѕўріљрѕ╗ рїЦрЅЁрѕЇ
рѕЇрїєрЅй ріЦрІерІѕрІ░рІ▒ рІерѕџрѕЏрѕЕрЅарЅх рЇц рѕ│рІГрѕ░рѕІрЅ╣ рІерѕџрІФрїаріЉрЅарЅх!!**

рІерЅђрѕѕрѕю рѕўріљрѕ╗ рїЦрЅЁрѕЇ

­ЪЉЅріеріЦрѕГрѕ│рѕх ріарІФрІФрІЮ рЅйрѕјрЅ│ рїђрѕЮрѕ« рѕЇрїєрЅйріЋ рѕЏріЋрЅарЅЦ рЇБ рѕўрЇЃрЇЇ рЇБ рѕЏрІ│рѕўрїЦ ріЦріЊ рѕЏріЋрЅарЅЦ┬а рЅйрѕјрЅ│рЅИрІЇріЋ рЅарЅ░рЅђріЊрїђ рѕўрѕЇріЕ рЅарѕЮрѕхрѕЇ рЇБ рЅарІхрѕЮрЇЁріЊ рЅарЅ░рїЇрЅБрѕГ рІерѕџрѕѕрѕЏрѕўрІ▒рЅарЅх ріарѕхрІ░ріЊрЅѓ рїЦрЅЁрѕЇ



рІГрІ░рІЇрѕЅ 0989939393 рІѕрІГрѕЮ 0930323334

http://tiktok.com/@meneshayeofficial


ріарІхрѕФрѕ╗рЇд рїЅрѕГрІх рѕЙрѕІ рѕєрѕі рѕ▓рЅ▓ рѕ┤ріЋрЅ░рѕГ рЇц рЇњрІФрѕ│ ріФріЋрЅхрѕф рЅ│рІѕрѕГ рЇц рїђрѕъ рІ░рѕіріЊ рѕърѕЇ рЇц рїѕрѕГрїѓ ріерЇІрІЇріЋрЅ┤ріЋ рѕЁріЋрЇЃ рЇірЅх рѕѕрЇірЅх


#meneshaye #рѕўріљрѕ╗рІг #kidsmaths #kids #success #focus #children #education┬а #science #knowledge #math #maths #mathematics #concentration┬а┬а #primaryeducation┬а #braindevelopment #kidsimagination",2024-12-07 10:31:15+00:00,meneshayeofficial,"рІерЅђрѕѕрѕю рѕўріљрѕ╗ рїЦрЅЁрѕЇ
рѕЇрїєрЅй ріЦрІерІѕрІ░рІ▒ рІерѕџрѕЏрѕЕрЅарЅх  рѕ│рІГрѕ░рѕІрЅ╣ рІерѕџрІФрїаріЉрЅарЅх

рІерЅђрѕѕрѕю рѕўріљрѕ╗ рїЦрЅЁрѕЇ

ріеріЦрѕГрѕ│рѕх ріарІФрІФрІЮ рЅйрѕјрЅ│ рїђрѕЮрѕ« рѕЇрїєрЅйріЋ рѕЏріЋрЅарЅЦ  рѕўрЇЃрЇЇ  рѕЏрІ│рѕўрїЦ ріЦріЊ рѕЏріЋрЅарЅЦ┬а рЅйрѕјрЅ│рЅИрІЇріЋ рЅарЅ░рЅђріЊрїђ рѕўрѕЇріЕ рЅарѕЮрѕхрѕЇ  рЅарІхрѕЮрЇЁріЊ рЅарЅ░рїЇрЅБрѕГ рІерѕџрѕѕрѕЏрѕўрІ▒рЅарЅх ріарѕхрІ░ріЊрЅѓ рїЦрЅЁрѕЇ



рІГрІ░рІЇрѕЅ 0989939393 рІѕрІГрѕЮ 0930323334

httptiktokcommeneshayeofficial


ріарІхрѕФрѕ╗ рїЅрѕГрІх рѕЙрѕІ рѕєрѕі рѕ▓рЅ▓ рѕ┤ріЋрЅ░рѕГ  рЇњрІФрѕ│ ріФріЋрЅхрѕф рЅ│рІѕрѕГ  рїђрѕъ рІ░рѕіріЊ рѕърѕЇ  рїѕрѕГрїѓ ріерЇІрІЇріЋрЅ┤ріЋ рѕЁріЋрЇЃ рЇірЅх рѕѕрЇірЅх


meneshaye рѕўріљрѕ╗рІг kidsmaths kids success focus children education┬а science knowledge math maths mathematics concentration┬а┬а primaryeducation┬а braindevelopment kidsimagination"
"рЅхріЋрѕ┐ ріЉріЉ рЅхрѕЮрѕЁрѕГрЅиріЋ рѕЮріЋ ріЦріЋрІ░рѕџрІФрЅђрѕЇрѕІрЅх ріарІЇрЅЃрѕѕрЅй рІерЅђрѕѕрѕю рѕўріљрѕ╗ рїЦрЅЁрѕЇріЋ рІерїЇрѕЈ ріарІхрѕГрїІрѕѕрЅйрЇб

­ЪЉЅрЅарѕЮрѕхрѕЇ ріЦріЊ рЅарІхрѕЮрЇЁ рІерЅ░рІ░рїѕрЇѕ рІхріЋрЅЁ рѕўрѕЏрѕфрІФ

рІерѕЏрѕЁрЅарѕФрІі рІхрѕерїѕрЇєрЅ╗рЅйріЋріЋ рІГрїјрЅЦріЎ
https://linktr.ee/meneshaye

рІГрІ░рІЇрѕЅ 0989939393 рІѕрІГрѕЮ 0930323334

**ріарІхрѕФрѕ╗**рЇд 1.рїЅрѕГрІх рѕЙрѕІ рѕєрѕі рѕ▓рЅ▓ рѕ┤ріЋрЅ░рѕГ 
┬а┬а┬а┬а┬а┬а┬а┬а┬а┬а┬а┬а┬а┬а 2. рЇњрІФрѕ│ ріФріЋрЅхрѕф рЅ│рІѕрѕГ 
рЅарЅ░рїерѕЏрѕфрѕЮ ­ЪЉЅ рїђрѕъ рІ░рѕіріЊ рѕърѕЇ рЇц рїѕрѕГрїѓ ріерЇІрІЇріЋрЅ┤ріЋ рѕЁріЋрЇЃ рЇірЅх рѕѕрЇірЅх

#meneshaye #рѕўріљрѕ╗рІг #kidsmaths #kids #success #focus #children #education┬а #science #knowledge #math #maths #mathematics #concentration┬а┬а #primaryeducation┬а #braindevelopment #kidsimagination",2024-12-06 07:55:03+00:00,meneshayeofficial,"рЅхріЋрѕ┐ ріЉріЉ рЅхрѕЮрѕЁрѕГрЅиріЋ рѕЮріЋ ріЦріЋрІ░рѕџрІФрЅђрѕЇрѕІрЅх ріарІЇрЅЃрѕѕрЅй рІерЅђрѕѕрѕю рѕўріљрѕ╗ рїЦрЅЁрѕЇріЋ рІерїЇрѕЈ ріарІхрѕГрїІрѕѕрЅй

рЅарѕЮрѕхрѕЇ ріЦріЊ рЅарІхрѕЮрЇЁ рІерЅ░рІ░рїѕрЇѕ рІхріЋрЅЁ рѕўрѕЏрѕфрІФ

рІерѕЏрѕЁрЅарѕФрІі рІхрѕерїѕрЇєрЅ╗рЅйріЋріЋ рІГрїјрЅЦріЎ
httpslinktreemeneshaye

рІГрІ░рІЇрѕЅ 0989939393 рІѕрІГрѕЮ 0930323334

ріарІхрѕФрѕ╗ 1рїЅрѕГрІх рѕЙрѕІ рѕєрѕі рѕ▓рЅ▓ рѕ┤ріЋрЅ░рѕГ 
┬а┬а┬а┬а┬а┬а┬а┬а┬а┬а┬а┬а┬а┬а 2 рЇњрІФрѕ│ ріФріЋрЅхрѕф рЅ│рІѕрѕГ 
рЅарЅ░рїерѕЏрѕфрѕЮ  рїђрѕъ рІ░рѕіріЊ рѕърѕЇ  рїѕрѕГрїѓ ріерЇІрІЇріЋрЅ┤ріЋ рѕЁріЋрЇЃ рЇірЅх рѕѕрЇірЅх

meneshaye рѕўріљрѕ╗рІг kidsmaths kids success focus children education┬а science knowledge math maths mathematics concentration┬а┬а primaryeducation┬а braindevelopment kidsimagination"
рѕўрѕЮрѕЁрѕГрЅх рІЎрЇірЅх рѕхрѕѕ рЅђрѕѕрѕю рѕўріљрѕ╗рІг рїЦрЅЁрѕЇ рѕЮріЋ рЅхрѕІрѕѕрЅй ??,2024-12-05 08:27:58+00:00,meneshayeofficial,рѕўрѕЮрѕЁрѕГрЅх рІЎрЇірЅх рѕхрѕѕ рЅђрѕѕрѕю рѕўріљрѕ╗рІг рїЦрЅЁрѕЇ рѕЮріЋ рЅхрѕІрѕѕрЅй 
"рІерЅђрѕѕрѕю рѕўріљрѕ╗ рїЦрЅЁрѕЇ

­ЪЉЅріеріЦрѕГрѕ│рѕх ріарІФрІФрІЮ рЅйрѕјрЅ│ рїђрѕЮрѕ« рѕЇрїєрЅйріЋ рѕЏріЋрЅарЅЦ рЇБ рѕўрЇЃрЇЇ рЇБ рѕЏрІ│рѕўрїЦ ріЦріЊ рѕЏріЋрЅарЅЦ┬а рЅйрѕјрЅ│рЅИрІЇріЋ рЅарЅ░рЅђріЊрїђ рѕўрѕЇріЕ рЅарѕЮрѕхрѕЇ рЇБ рЅарІхрѕЮрЇЁріЊ рЅарЅ░рїЇрЅБрѕГ рІерѕџрѕѕрѕЏрѕўрІ▒рЅарЅх ріарѕхрІ░ріЊрЅѓ рїЦрЅЁрѕЇ

­ЪЉЅрЅаріарѕЏрѕГріЏ ріЦріЊ рЅаріЦріЋрїЇрѕірІўріЏ рЅІріЋрЅІ рІерЅ░рІўрїІрїђ
­ЪЉЅрІерѕЇрїєрЅйріЋ рѕўрѕЏрѕГ рЇЇрѕІрїјрЅх рІерѕџрІФріљрѕ│рѕ▒ 68 рѕўрѕЏрѕфрІФрІјрЅйріЋ рїЇрѕЇрЇЁ ріерѕєріљ ріарїарЅЃрЅђрѕЮ рѕўрѕўрѕфрІФ рїІрѕГ рІерІФрІў


­ЪЉЅрІ░рїІрїЇрѕўрІЇ рІерѕџрїарЅђрѕЎрЅБрЅИрІЇ 11 рѕўрЇЃрѕЁрЇЇрЅх
­ЪЉЅ рЅБрѕѕ рІхрѕЮрЇЁ рѕўрѕЏрѕфрІФ рѕўріљрѕ╗рІг рЇЊрІх
­ЪЉЅ 2 рЅа1 рѕ░рѕїрІ│
­ЪЉЅ ріцрѕїріГрЅхрѕ«ріњріГ рѕ░рѕїрІ│
­ЪЉЅ рІерѕ░рІЊрЅх рѕўрѕЏрѕфрІФ рЅдрѕГрІх
­ЪЉЅріе20 рЅарѕІрІГ рѕЏрѕГріерѕ«рЅйріЊ рїарѕўріћрІјрЅй
­ЪЉЅ рЅарІХ/рѕГ рібрІ«рЅЦ рѕЏрѕъ рЅ░рІўрїІрїЁрЅ▒ рѕѕрІѕрѕІрїєрЅй ріерѕўріљрѕ╗рІг ріерЅ░рЅарѕеріерЅ░ рѕхрїдрЅ│ рїІрѕГ

рІІрїІ 12000


рІерѕЏрѕЁрЅарѕФрІі рІхрѕерїѕрЇєрЅ╗рЅйріЋріЋ рІГрїјрЅЦріЎ
https://linktr.ee/meneshaye

рІГрІ░рІЇрѕЅ 0989939393 рІѕрІГрѕЮ 0930323334

**ріарІхрѕФрѕ╗**рЇд 1.рїЅрѕГрІх рѕЙрѕІ рѕєрѕі рѕ▓рЅ▓ рѕ┤ріЋрЅ░рѕГ 
┬а┬а┬а┬а┬а┬а┬а┬а┬а┬а┬а┬а┬а┬а 2. рЇњрІФрѕ│ ріФріЋрЅхрѕф рЅ│рІѕрѕГ 
рЅарЅ░рїерѕЏрѕфрѕЮ ­ЪЉЅ рїђрѕъ рІ░рѕіріЊ рѕърѕЇ рЇц рїѕрѕГрїѓ ріерЇІрІЇріЋрЅ┤ріЋ рѕЁріЋрЇЃ рЇірЅх рѕѕрЇірЅх

#meneshaye #рѕўріљрѕ╗рІг #kidsmaths #kids #success #focus #children #education┬а #science #knowledge #math #maths #mathematics #concentration┬а┬а #primaryeducation┬а #braindevelopment #kidsimagination",2024-12-02 08:58:01+00:00,meneshayeofficial,"рІерЅђрѕѕрѕю рѕўріљрѕ╗ рїЦрЅЁрѕЇ

ріеріЦрѕГрѕ│рѕх ріарІФрІФрІЮ рЅйрѕјрЅ│ рїђрѕЮрѕ« рѕЇрїєрЅйріЋ рѕЏріЋрЅарЅЦ  рѕўрЇЃрЇЇ  рѕЏрІ│рѕўрїЦ ріЦріЊ рѕЏріЋрЅарЅЦ┬а рЅйрѕјрЅ│рЅИрІЇріЋ рЅарЅ░рЅђріЊрїђ рѕўрѕЇріЕ рЅарѕЮрѕхрѕЇ  рЅарІхрѕЮрЇЁріЊ рЅарЅ░рїЇрЅБрѕГ рІерѕџрѕѕрѕЏрѕўрІ▒рЅарЅх ріарѕхрІ░ріЊрЅѓ рїЦрЅЁрѕЇ

рЅаріарѕЏрѕГріЏ ріЦріЊ рЅаріЦріЋрїЇрѕірІўріЏ рЅІріЋрЅІ рІерЅ░рІўрїІрїђ
рІерѕЇрїєрЅйріЋ рѕўрѕЏрѕГ рЇЇрѕІрїјрЅх рІерѕџрІФріљрѕ│рѕ▒ 68 рѕўрѕЏрѕфрІФрІјрЅйріЋ рїЇрѕЇрЇЁ ріерѕєріљ ріарїарЅЃрЅђрѕЮ рѕўрѕўрѕфрІФ рїІрѕГ рІерІФрІў


рІ░рїІрїЇрѕўрІЇ рІерѕџрїарЅђрѕЎрЅБрЅИрІЇ 11 рѕўрЇЃрѕЁрЇЇрЅх
 рЅБрѕѕ рІхрѕЮрЇЁ рѕўрѕЏрѕфрІФ рѕўріљрѕ╗рІг рЇЊрІх
 2 рЅа1 рѕ░рѕїрІ│
 ріцрѕїріГрЅхрѕ«ріњріГ рѕ░рѕїрІ│
 рІерѕ░рІЊрЅх рѕўрѕЏрѕфрІФ рЅдрѕГрІх
ріе20 рЅарѕІрІГ рѕЏрѕГріерѕ«рЅйріЊ рїарѕўріћрІјрЅй
 рЅарІХрѕГ рібрІ«рЅЦ рѕЏрѕъ рЅ░рІўрїІрїЁрЅ▒ рѕѕрІѕрѕІрїєрЅй ріерѕўріљрѕ╗рІг ріерЅ░рЅарѕеріерЅ░ рѕхрїдрЅ│ рїІрѕГ

рІІрїІ 12000


рІерѕЏрѕЁрЅарѕФрІі рІхрѕерїѕрЇєрЅ╗рЅйріЋріЋ рІГрїјрЅЦріЎ
httpslinktreemeneshaye

рІГрІ░рІЇрѕЅ 0989939393 рІѕрІГрѕЮ 0930323334

ріарІхрѕФрѕ╗ 1рїЅрѕГрІх рѕЙрѕІ рѕєрѕі рѕ▓рЅ▓ рѕ┤ріЋрЅ░рѕГ 
┬а┬а┬а┬а┬а┬а┬а┬а┬а┬а┬а┬а┬а┬а 2 рЇњрІФрѕ│ ріФріЋрЅхрѕф рЅ│рІѕрѕГ 
рЅарЅ░рїерѕЏрѕфрѕЮ  рїђрѕъ рІ░рѕіріЊ рѕърѕЇ  рїѕрѕГрїѓ ріерЇІрІЇріЋрЅ┤ріЋ рѕЁріЋрЇЃ рЇірЅх рѕѕрЇірЅх

meneshaye рѕўріљрѕ╗рІг kidsmaths kids success focus children education┬а science knowledge math maths mathematics concentration┬а┬а primaryeducation┬а braindevelopment kidsimagination"
"рѕўріљрѕ╗рІг рІхріГрІхріГ

­ЪЉЅрѕўріЊрїѕрѕГ рѕІрѕЇрїђрѕўрѕЕ ріЦріЊ рѕўріЊрїѕрѕГ рѕѕрѕџрЅИрїѕрѕЕ рѕЇрїєрЅй ріЦріЋрІ░ріЋрїЇрїЇрѕГ рѕўрѕѕрѕЏрѕўрїЃріљрЅх рІерѕџрѕерІ│
­ЪЉЅрІерѕЇрїєрЅй рІерѕЏрІ│рѕўрїЦ рЇБ рІерѕўрѕўрѕЇріерЅх ріЦріЊ рІерѕўрїѕріЋрІўрЅЦ рЅйрѕјрЅ│ріЋ рЅаріЦрїЁрїЅ рІерѕџрІФрѕ╗рѕйрѕЇ

­ЪЉЅрЅаріарѕЏрѕГріЏ рІѕрІГрѕЮ рЅаріЦріЋрїЇрѕірІЮріЏ ріЦрІерЅђрІФрІерѕЕ рѕўрїарЅђрѕЮ рІерѕџрІФрѕхрЅйрѕЇ
­ЪЉЅрІеріарѕЏрѕГріЏріЊ ріЦріЋрїЇрѕірІўріЏ рЇірІ░рѕІрЅх рЇБ рЅЂрїЦрѕ«рЅйрЇБ ріерѕѕрѕ«рЅйріЊ рЅЁрѕГрЇєрЅй рЇБ ріЦріЋрѕхрѕ│рЅх рЇБ рІерѕ░рІЇріљрЅх ріГрЇЇрѕјрЅй рЇБ рІерЅцрЅ░рѕ░рЅЦ ріарЅБрѕІрЅх ріЦріЊ рІерѕўрѕ│рѕ░рѕЅ рЅарѕГріФрЅ│ рЅхрѕЮрѕЁрѕГрЅХрЅй рІФріФрЅ░рЅ░

­ЪДњрѕѕрѕЇрїєрЅй рѕ│рЅбріЊ рѕЏрѕФріф рЅарѕєріљ рЅђрѕѕрѕЏрЅх рІФрѕИрЅарѕерЅЂ 150 ріФрѕГрІХрЅй рІФрѕЅрЅх
­ЪДњрЅарЅ╗рѕГрїЁрѕЮ рѕєріљ рЅарЅБрЅхрѕф рІерѕџрѕ░рѕФ
­ЪДњрѕѕріарїарЅЃрЅђрѕЮ рѕЮрЅ╣ріЊ рЅарЅђрѕІрѕЅ рѕѕрѕўріЋрЅђрѕ│рЅђрѕх рѕЏріЋрїѕрЅ╗ рІФрѕѕрІЇ
­ЪДњрІерІѕрѕІрїЁріЊ рІерѕЇрїЁ рїЇріЋріЎріљрЅх рІерѕџрІФрїаріЊріГрѕГ ріарѕ│рЅ│рЇі рЅхрѕЮрѕЁрѕГрЅХрЅйріЊ рѕЎрІџрЅЃрІјрЅйріЋ рІерІФрІў

рІІрїІ 4000

рІерѕЏрѕЁрЅарѕФрІі рІхрѕерїѕрЇєрЅ╗рЅйріЋріЋ рІГрїјрЅЦріЎ
https://linktr.ee/meneshaye

рІГрІ░рІЇрѕЅ 0989939393 рІѕрІГрѕЮ 0930323334

**ріарІхрѕФрѕ╗**рЇд 1.рїЅрѕГрІх рѕЙрѕІ рѕєрѕі рѕ▓рЅ▓ рѕ┤ріЋрЅ░рѕГ 
┬а┬а┬а┬а┬а┬а┬а┬а┬а┬а┬а┬а┬а┬а 2. рЇњрІФрѕ│ ріФріЋрЅхрѕф рЅ│рІѕрѕГ 
рЅарЅ░рїерѕЏрѕфрѕЮ ­ЪЉЅ рїђрѕъ рІ░рѕіріЊ рѕърѕЇ рЇц рїѕрѕГрїѓ ріерЇІрІЇріЋрЅ┤ріЋ рѕЁріЋрЇЃ рЇірЅх рѕѕрЇірЅх

#meneshaye #рѕўріљрѕ╗рІг #kidsmaths #kids #success #focus #children #education┬а #science #knowledge #math #maths #mathematics #concentration┬а┬а #primaryeducation┬а #braindevelopment #kidsimagination",2024-12-02 08:30:06+00:00,meneshayeofficial,"рѕўріљрѕ╗рІг рІхріГрІхріГ

рѕўріЊрїѕрѕГ рѕІрѕЇрїђрѕўрѕЕ ріЦріЊ рѕўріЊрїѕрѕГ рѕѕрѕџрЅИрїѕрѕЕ рѕЇрїєрЅй ріЦріЋрІ░ріЋрїЇрїЇрѕГ рѕўрѕѕрѕЏрѕўрїЃріљрЅх рІерѕџрѕерІ│
рІерѕЇрїєрЅй рІерѕЏрІ│рѕўрїЦ  рІерѕўрѕўрѕЇріерЅх ріЦріЊ рІерѕўрїѕріЋрІўрЅЦ рЅйрѕјрЅ│ріЋ рЅаріЦрїЁрїЅ рІерѕџрІФрѕ╗рѕйрѕЇ

рЅаріарѕЏрѕГріЏ рІѕрІГрѕЮ рЅаріЦріЋрїЇрѕірІЮріЏ ріЦрІерЅђрІФрІерѕЕ рѕўрїарЅђрѕЮ рІерѕџрІФрѕхрЅйрѕЇ
рІеріарѕЏрѕГріЏріЊ ріЦріЋрїЇрѕірІўріЏ рЇірІ░рѕІрЅх  рЅЂрїЦрѕ«рЅй ріерѕѕрѕ«рЅйріЊ рЅЁрѕГрЇєрЅй  ріЦріЋрѕхрѕ│рЅх  рІерѕ░рІЇріљрЅх ріГрЇЇрѕјрЅй  рІерЅцрЅ░рѕ░рЅЦ ріарЅБрѕІрЅх ріЦріЊ рІерѕўрѕ│рѕ░рѕЅ рЅарѕГріФрЅ│ рЅхрѕЮрѕЁрѕГрЅХрЅй рІФріФрЅ░рЅ░

рѕѕрѕЇрїєрЅй рѕ│рЅбріЊ рѕЏрѕФріф рЅарѕєріљ рЅђрѕѕрѕЏрЅх рІФрѕИрЅарѕерЅЂ 150 ріФрѕГрІХрЅй рІФрѕЅрЅх
рЅарЅ╗рѕГрїЁрѕЮ рѕєріљ рЅарЅБрЅхрѕф рІерѕџрѕ░рѕФ
рѕѕріарїарЅЃрЅђрѕЮ рѕЮрЅ╣ріЊ рЅарЅђрѕІрѕЅ рѕѕрѕўріЋрЅђрѕ│рЅђрѕх рѕЏріЋрїѕрЅ╗ рІФрѕѕрІЇ
рІерІѕрѕІрїЁріЊ рІерѕЇрїЁ рїЇріЋріЎріљрЅх рІерѕџрІФрїаріЊріГрѕГ ріарѕ│рЅ│рЇі рЅхрѕЮрѕЁрѕГрЅХрЅйріЊ рѕЎрІџрЅЃрІјрЅйріЋ рІерІФрІў

рІІрїІ 4000

рІерѕЏрѕЁрЅарѕФрІі рІхрѕерїѕрЇєрЅ╗рЅйріЋріЋ рІГрїјрЅЦріЎ
httpslinktreemeneshaye

рІГрІ░рІЇрѕЅ 0989939393 рІѕрІГрѕЮ 0930323334

ріарІхрѕФрѕ╗ 1рїЅрѕГрІх рѕЙрѕІ рѕєрѕі рѕ▓рЅ▓ рѕ┤ріЋрЅ░рѕГ 
┬а┬а┬а┬а┬а┬а┬а┬а┬а┬а┬а┬а┬а┬а 2 рЇњрІФрѕ│ ріФріЋрЅхрѕф рЅ│рІѕрѕГ 
рЅарЅ░рїерѕЏрѕфрѕЮ  рїђрѕъ рІ░рѕіріЊ рѕърѕЇ  рїѕрѕГрїѓ ріерЇІрІЇріЋрЅ┤ріЋ рѕЁріЋрЇЃ рЇірЅх рѕѕрЇірЅх

meneshaye рѕўріљрѕ╗рІг kidsmaths kids success focus children education┬а science knowledge math maths mathematics concentration┬а┬а primaryeducation┬а braindevelopment kidsimagination"
"**рІерЅђрѕѕрѕю рѕўріљрѕ╗ рїЦрЅЁрѕЇ
рѕЇрїєрЅй ріЦрІерІѕрІ░рІ▒ рІерѕџрѕЏрѕЕрЅарЅх рЇц рѕ│рІГрѕ░рѕІрЅ╣ рІерѕџрІФрїаріЉрЅарЅх!!**

рІГрІ░рІЇрѕЅ 0989939393 рІѕрІГрѕЮ 0930323334

http://tiktok.com/@meneshayeofficial


ріарІхрѕФрѕ╗рЇд рїЅрѕГрІх рѕЙрѕІ рѕєрѕі рѕ▓рЅ▓ рѕ┤ріЋрЅ░рѕГ рЇц рЇњрІФрѕ│ ріФріЋрЅхрѕф рЅ│рІѕрѕГ рЇц рїђрѕъ рІ░рѕіріЊ рѕърѕЇ рЇц рїѕрѕГрїѓ ріерЇІрІЇріЋрЅ┤ріЋ рѕЁріЋрЇЃ рЇірЅх рѕѕрЇірЅх


#meneshaye #рѕўріљрѕ╗рІг #kidsmaths #kids #success #focus #children #education┬а #science #knowledge #math #maths #mathematics #concentration┬а┬а #primaryeducation┬а #braindevelopment #kidsimagination",2024-11-29 07:22:23+00:00,meneshayeofficial,"рІерЅђрѕѕрѕю рѕўріљрѕ╗ рїЦрЅЁрѕЇ
рѕЇрїєрЅй ріЦрІерІѕрІ░рІ▒ рІерѕџрѕЏрѕЕрЅарЅх  рѕ│рІГрѕ░рѕІрЅ╣ рІерѕџрІФрїаріЉрЅарЅх

рІГрІ░рІЇрѕЅ 0989939393 рІѕрІГрѕЮ 0930323334

httptiktokcommeneshayeofficial


ріарІхрѕФрѕ╗ рїЅрѕГрІх рѕЙрѕІ рѕєрѕі рѕ▓рЅ▓ рѕ┤ріЋрЅ░рѕГ  рЇњрІФрѕ│ ріФріЋрЅхрѕф рЅ│рІѕрѕГ  рїђрѕъ рІ░рѕіріЊ рѕърѕЇ  рїѕрѕГрїѓ ріерЇІрІЇріЋрЅ┤ріЋ рѕЁріЋрЇЃ рЇірЅх рѕѕрЇірЅх


meneshaye рѕўріљрѕ╗рІг kidsmaths kids success focus children education┬а science knowledge math maths mathematics concentration┬а┬а primaryeducation┬а braindevelopment kidsimagination"
"рѕѓрѕ│рЅЦ рІеріарѕѕрѕЮ рЅІріЋрЅІ ріљрІЇ!
рІГрѕЁріЋ рїЦрЅЁрѕЇ рЅарѕўрѕИрѕўрЅх рѕЇрїєрІјріЋ ріеріарѕѕрѕЮ рїІрѕГ рІФрѕхрЅ░рІІрІЅрЅЂрЇб

­ЪЉЅ ріЦрѕхріе **10** ріарѕўрЅх рѕІрѕЅ рѕЇрїєрЅй рІерЅђрѕерЅа
­ЪЉЅ рЅЂрїЦрѕ«рЅйріЋ ріерѕўрѕѕрІерЅх рїђрѕЮрѕ« рѕѓрѕ│рЅЦріЋ рЅарїерІІрЅ│ рѕўрѕЇріГ рІерѕџрѕЏрѕЕрЅарЅх
­ЪЉЅ рІерѕўрІ░рѕўрѕГрЇБ рѕўрЅђріљрѕхрЇБ рѕЏрЅБрІЏрЅхріЊ рѕЏріФрЇѕрѕЇ рѕхрѕїрЅХрЅй рЅарЅ░рїЇрЅБрѕГ рІерѕџрѕЏрѕЕрЅарЅх
­ЪЉЅ рѕѓрѕ│рЅЦріЋ ріеріЦрѕѕрЅх рЅ░ріЦрѕѕрЅх рѕЁрІГрІѕрЅ│рЅИрІЇ рїІрѕГ рІерѕџрІФрІІрѕЁрІ▒рЅарЅх

­ЪЉЅ ріе **200** рЅарѕІрІГ рІерЅЂрїЦрѕГ рѕўрѕѕрѕЏрѕўрїЃрІјрЅйріЋ рІерІФрІў
­ЪЉЅ **50** рѕѓрѕ│рЅБрІі рїерІІрЅ│рІјрЅй рІФрѕЅрЅх
­ЪЉЅ рЅарѕЮрѕхрѕЇ рІерЅ░рІ░рїѕрЇѕ **рїЇрѕЇрЇЁ рѕЏріЉрІІрѕЇ** рІФрѕѕрІЇ
­ЪЉЅ ріарїерІІрІѕрЅ▒ріЋ рІерѕџрІФрѕ│рІГ **рІерЅфрІ▓рІ« рѕўрЅ░рїЇрЅарѕфрІФ**

рІІрїІ 4000

рІерѕЏрѕЁрЅарѕФрІі рІхрѕерїѕрЇєрЅ╗рЅйріЋріЋ рІГрїјрЅЦріЎ
https://linktr.ee/meneshaye

рІГрІ░рІЇрѕЅ 0989939393 рІѕрІГрѕЮ 0930323334

**ріарІхрѕФрѕ╗**рЇд 1.рїЅрѕГрІх рѕЙрѕІ рѕєрѕі рѕ▓рЅ▓ рѕ┤ріЋрЅ░рѕГ 
┬а┬а┬а┬а┬а┬а┬а┬а┬а┬а┬а┬а┬а┬а 2. рЇњрІФрѕ│ ріФріЋрЅхрѕф рЅ│рІѕрѕГ 
рЅарЅ░рїерѕЏрѕфрѕЮ ­ЪЉЅ рїђрѕъ рІ░рѕіріЊ рѕърѕЇ рЇц рїѕрѕГрїѓ ріерЇІрІЇріЋрЅ┤ріЋ рѕЁріЋрЇЃ рЇірЅх рѕѕрЇірЅх

#meneshaye #рѕўріљрѕ╗рІг #kidsmaths #kids #success #focus #children #education┬а #science #knowledge #math #maths #mathematics #concentration┬а┬а #primaryeducation┬а #braindevelopment #kidsimagination",2024-11-29 07:01:52+00:00,meneshayeofficial,"рѕѓрѕ│рЅЦ рІеріарѕѕрѕЮ рЅІріЋрЅІ ріљрІЇ
рІГрѕЁріЋ рїЦрЅЁрѕЇ рЅарѕўрѕИрѕўрЅх рѕЇрїєрІјріЋ ріеріарѕѕрѕЮ рїІрѕГ рІФрѕхрЅ░рІІрІЅрЅЂ

 ріЦрѕхріе 10 ріарѕўрЅх рѕІрѕЅ рѕЇрїєрЅй рІерЅђрѕерЅа
 рЅЂрїЦрѕ«рЅйріЋ ріерѕўрѕѕрІерЅх рїђрѕЮрѕ« рѕѓрѕ│рЅЦріЋ рЅарїерІІрЅ│ рѕўрѕЇріГ рІерѕџрѕЏрѕЕрЅарЅх
 рІерѕўрІ░рѕўрѕГ рѕўрЅђріљрѕх рѕЏрЅБрІЏрЅхріЊ рѕЏріФрЇѕрѕЇ рѕхрѕїрЅХрЅй рЅарЅ░рїЇрЅБрѕГ рІерѕџрѕЏрѕЕрЅарЅх
 рѕѓрѕ│рЅЦріЋ ріеріЦрѕѕрЅх рЅ░ріЦрѕѕрЅх рѕЁрІГрІѕрЅ│рЅИрІЇ рїІрѕГ рІерѕџрІФрІІрѕЁрІ▒рЅарЅх

 ріе 200 рЅарѕІрІГ рІерЅЂрїЦрѕГ рѕўрѕѕрѕЏрѕўрїЃрІјрЅйріЋ рІерІФрІў
 50 рѕѓрѕ│рЅБрІі рїерІІрЅ│рІјрЅй рІФрѕЅрЅх
 рЅарѕЮрѕхрѕЇ рІерЅ░рІ░рїѕрЇѕ рїЇрѕЇрЇЁ рѕЏріЉрІІрѕЇ рІФрѕѕрІЇ
 ріарїерІІрІѕрЅ▒ріЋ рІерѕџрІФрѕ│рІГ рІерЅфрІ▓рІ« рѕўрЅ░рїЇрЅарѕфрІФ

рІІрїІ 4000

рІерѕЏрѕЁрЅарѕФрІі рІхрѕерїѕрЇєрЅ╗рЅйріЋріЋ рІГрїјрЅЦріЎ
httpslinktreemeneshaye

рІГрІ░рІЇрѕЅ 0989939393 рІѕрІГрѕЮ 0930323334

ріарІхрѕФрѕ╗ 1рїЅрѕГрІх рѕЙрѕІ рѕєрѕі рѕ▓рЅ▓ рѕ┤ріЋрЅ░рѕГ 
┬а┬а┬а┬а┬а┬а┬а┬а┬а┬а┬а┬а┬а┬а 2 рЇњрІФрѕ│ ріФріЋрЅхрѕф рЅ│рІѕрѕГ 
рЅарЅ░рїерѕЏрѕфрѕЮ  рїђрѕъ рІ░рѕіріЊ рѕърѕЇ  рїѕрѕГрїѓ ріерЇІрІЇріЋрЅ┤ріЋ рѕЁріЋрЇЃ рЇірЅх рѕѕрЇірЅх

meneshaye рѕўріљрѕ╗рІг kidsmaths kids success focus children education┬а science knowledge math maths mathematics concentration┬а┬а primaryeducation┬а braindevelopment kidsimagination"
"**__рѕўріљрѕ╗рІг рѕхрІЋрѕЇ рІ░рЅЦрЅ░рѕГ рїЦрЅЁрѕЇ
рѕЮрѕЅрІЋріљрЅх ріерїЦрѕФрЅх рїІрѕГ !!__**
­ЪЉЅ рЅарЇЇрЇЂрѕЮ **рЅђрѕѕрѕЮ рІерѕЏрІФрѕ│рѕЇрЇЇ** рІерѕхрІЋрѕЇ рІ░рЅЦрЅ░рѕГ
­ЪЉЅ рѕЂрѕѕрЅх рїѕрЇєрЅйріЋ **рЅарІѕрїЦріљрЅх рѕўрїарЅђрѕЮ рІерѕџрІФрѕхрЅйрѕЇ**
­ЪЉЅ рЅарІерЅхріЏрІЇрѕЮ ріЦрІхрѕю ріГрѕЇрѕЇ рѕірїарЅђрѕЎрЅарЅх рІерѕџрЅйрѕЅрЅх
­ЪЉЅ **12 рѕўрїЦрЇІрЅх рІерѕџрЅйрѕЅ** рЅБрѕѕрЅђрѕѕрѕЮ ріЦрѕГрѕ│рѕХрЅйріЋ рІФріФрЅ░рЅ░
­ЪЉЅ рѕѕріарІФрІФрІЮ ріарѕўрЅ║ рІерѕєріЉ **3 ріЦрѕГрѕ│рѕХрЅй**
­ЪЉЅ рѕ▓рІФрїарЇЅрЅБрЅИрІЇ **рІерѕЏрІГрЇѕрѕерЇѕрѕЕ 3 рѕІрї▓рѕХрЅй**
­ЪЉЅ рЅБрѕѕ **2 рЅђрІ│рІ│ рѕўрЅЁрѕерїФ**

рІІрїІ 1400

рІерѕЏрѕЁрЅарѕФрІі рІхрѕерїѕрЇєрЅ╗рЅйріЋріЋ рІГрїјрЅЦріЎ
https://linktr.ee/meneshaye

рІГрІ░рІЇрѕЅ 0989939393 рІѕрІГрѕЮ 0930323334

**ріарІхрѕФрѕ╗**рЇд 1.рїЅрѕГрІх рѕЙрѕІ рѕєрѕі рѕ▓рЅ▓ рѕ┤ріЋрЅ░рѕГ 
┬а┬а┬а┬а┬а┬а┬а┬а┬а┬а┬а┬а┬а┬а 2. рЇњрІФрѕ│ ріФріЋрЅхрѕф рЅ│рІѕрѕГ 
рЅарЅ░рїерѕЏрѕфрѕЮ ­ЪЉЅ рїђрѕъ рІ░рѕіріЊ рѕърѕЇ рЇц рїѕрѕГрїѓ ріерЇІрІЇріЋрЅ┤ріЋ рѕЁріЋрЇЃ рЇірЅх рѕѕрЇірЅх

#рѕўріљрѕ╗рІг #meneshaye #kidsdrawing #drawing #kidsart #art #kidsartwork #painting #artclass #kidspainting #artwork #kids #kidsactivities #creative #creativity #illustration #childrenart #artist┬а #creativekids #sketching #artforkids #funart┬а┬а #kidsdrawings┬а #fun #littleartist #kidsartclass #kidscoloring #kidscrafts",2024-11-26 11:54:41+00:00,meneshayeofficial,"__рѕўріљрѕ╗рІг рѕхрІЋрѕЇ рІ░рЅЦрЅ░рѕГ рїЦрЅЁрѕЇ
рѕЮрѕЅрІЋріљрЅх ріерїЦрѕФрЅх рїІрѕГ __
 рЅарЇЇрЇЂрѕЮ рЅђрѕѕрѕЮ рІерѕЏрІФрѕ│рѕЇрЇЇ рІерѕхрІЋрѕЇ рІ░рЅЦрЅ░рѕГ
 рѕЂрѕѕрЅх рїѕрЇєрЅйріЋ рЅарІѕрїЦріљрЅх рѕўрїарЅђрѕЮ рІерѕџрІФрѕхрЅйрѕЇ
 рЅарІерЅхріЏрІЇрѕЮ ріЦрІхрѕю ріГрѕЇрѕЇ рѕірїарЅђрѕЎрЅарЅх рІерѕџрЅйрѕЅрЅх
 12 рѕўрїЦрЇІрЅх рІерѕџрЅйрѕЅ рЅБрѕѕрЅђрѕѕрѕЮ ріЦрѕГрѕ│рѕХрЅйріЋ рІФріФрЅ░рЅ░
 рѕѕріарІФрІФрІЮ ріарѕўрЅ║ рІерѕєріЉ 3 ріЦрѕГрѕ│рѕХрЅй
 рѕ▓рІФрїарЇЅрЅБрЅИрІЇ рІерѕЏрІГрЇѕрѕерЇѕрѕЕ 3 рѕІрї▓рѕХрЅй
 рЅБрѕѕ 2 рЅђрІ│рІ│ рѕўрЅЁрѕерїФ

рІІрїІ 1400

рІерѕЏрѕЁрЅарѕФрІі рІхрѕерїѕрЇєрЅ╗рЅйріЋріЋ рІГрїјрЅЦріЎ
httpslinktreemeneshaye

рІГрІ░рІЇрѕЅ 0989939393 рІѕрІГрѕЮ 0930323334

ріарІхрѕФрѕ╗ 1рїЅрѕГрІх рѕЙрѕІ рѕєрѕі рѕ▓рЅ▓ рѕ┤ріЋрЅ░рѕГ 
┬а┬а┬а┬а┬а┬а┬а┬а┬а┬а┬а┬а┬а┬а 2 рЇњрІФрѕ│ ріФріЋрЅхрѕф рЅ│рІѕрѕГ 
рЅарЅ░рїерѕЏрѕфрѕЮ  рїђрѕъ рІ░рѕіріЊ рѕърѕЇ  рїѕрѕГрїѓ ріерЇІрІЇріЋрЅ┤ріЋ рѕЁріЋрЇЃ рЇірЅх рѕѕрЇірЅх

рѕўріљрѕ╗рІг meneshaye kidsdrawing drawing kidsart art kidsartwork painting artclass kidspainting artwork kids kidsactivities creative creativity illustration childrenart artist┬а creativekids sketching artforkids funart┬а┬а kidsdrawings┬а fun littleartist kidsartclass kidscoloring kidscrafts"
"­ЪїЪ**рІерѕўріљрѕ╗рІг рѕЏрЅЁрѕѕрѕџрІФ рїЦрЅЁрѕЇ**­ЪїЪ
┬а┬а┬а┬а **рІГрѕЁ рїЦрЅЁрѕЇ рѕѕрѕЇрїєрЅйрІј 
┬а┬а ріерѕЏрЅЁрѕѕрѕЮрѕЮ рЅарѕІрІГ ріљрІЇ!!**

­ЪЉЅ рІерѕЇрїєрЅйрІјріЋ рІерѕЏрЅЁрѕѕрѕЮ рЇЇрѕІрїјрЅх рІерѕџрїерѕЮрѕГ
­ЪЉЅ рЅђрѕѕрѕЮ рІерѕЏрІФрѕ│рѕЇрЇЇ рІерѕЏрЅЁрѕѕрѕџрІФ рѕўрЇЁрѕђрЇЇ
­ЪЉЅ рѕўрїЦрЇІрЅх рІерѕџрЅйрѕЅ **12** рѕЏрѕГріерѕ«рЅй
­ЪЉЅ рІерѕЇрїєрЅйріЋ рѕЮріЊрЅЦ рІерѕџрІФрѕ│рІхрїЅ ріЋрІхрЇјрЅй
­ЪЉЅ ріе **40** рЅарѕІрІГ рїѕрЇєрЅй
­ЪЉЅ рѕЇрїєрЅй ріЦріЋрІ▓рѕхрѕЅ рІерѕџрІФрІ░рѕГрїЅ рїБрЇІрїГ рЅ│рѕфрі«рЅй
­ЪЉЅ рІерѕЮрѕхріГрѕГ рІѕрѕерЅђрЅх

рІІрїІ 1400

рІерѕЏрѕЁрЅарѕФрІі рІхрѕерїѕрЇєрЅ╗рЅйріЋріЋ рІГрїјрЅЦріЎ
https://linktr.ee/meneshaye

рІГрІ░рІЇрѕЅ 0989939393 рІѕрІГрѕЮ 0930323334

**ріарІхрѕФрѕ╗**рЇд 1.рїЅрѕГрІх рѕЙрѕІ рѕєрѕі рѕ▓рЅ▓ рѕ┤ріЋрЅ░рѕГ 
┬а┬а┬а┬а┬а┬а┬а┬а┬а┬а┬а┬а┬а┬а 2. рЇњрІФрѕ│ ріФріЋрЅхрѕф рЅ│рІѕрѕГ 
рЅарЅ░рїерѕЏрѕфрѕЮ ­ЪЉЅ рїђрѕъ рІ░рѕіріЊ рѕърѕЇ рЇц рїѕрѕГрїѓ ріерЇІрІЇріЋрЅ┤ріЋ рѕЁріЋрЇЃ рЇірЅх рѕѕрЇірЅх
#рѕўріљрѕ╗рІг #meneshaye #kidscoloring #coloring #drawing #sketching #art #kidsdrawing #painting #imagination #globalart #funart #creativearts #coloringpage #happykids #kidsactivity #illustration #coloringbook #coloringpages #creativity #dailyaffirmations #coloringtherapy #",2024-11-23 09:12:22+00:00,meneshayeofficial,"рІерѕўріљрѕ╗рІг рѕЏрЅЁрѕѕрѕџрІФ рїЦрЅЁрѕЇ
┬а┬а┬а┬а рІГрѕЁ рїЦрЅЁрѕЇ рѕѕрѕЇрїєрЅйрІј 
┬а┬а ріерѕЏрЅЁрѕѕрѕЮрѕЮ рЅарѕІрІГ ріљрІЇ

 рІерѕЇрїєрЅйрІјріЋ рІерѕЏрЅЁрѕѕрѕЮ рЇЇрѕІрїјрЅх рІерѕџрїерѕЮрѕГ
 рЅђрѕѕрѕЮ рІерѕЏрІФрѕ│рѕЇрЇЇ рІерѕЏрЅЁрѕѕрѕџрІФ рѕўрЇЁрѕђрЇЇ
 рѕўрїЦрЇІрЅх рІерѕџрЅйрѕЅ 12 рѕЏрѕГріерѕ«рЅй
 рІерѕЇрїєрЅйріЋ рѕЮріЊрЅЦ рІерѕџрІФрѕ│рІхрїЅ ріЋрІхрЇјрЅй
 ріе 40 рЅарѕІрІГ рїѕрЇєрЅй
 рѕЇрїєрЅй ріЦріЋрІ▓рѕхрѕЅ рІерѕџрІФрІ░рѕГрїЅ рїБрЇІрїГ рЅ│рѕфрі«рЅй
 рІерѕЮрѕхріГрѕГ рІѕрѕерЅђрЅх

рІІрїІ 1400

рІерѕЏрѕЁрЅарѕФрІі рІхрѕерїѕрЇєрЅ╗рЅйріЋріЋ рІГрїјрЅЦріЎ
httpslinktreemeneshaye

рІГрІ░рІЇрѕЅ 0989939393 рІѕрІГрѕЮ 0930323334

ріарІхрѕФрѕ╗ 1рїЅрѕГрІх рѕЙрѕІ рѕєрѕі рѕ▓рЅ▓ рѕ┤ріЋрЅ░рѕГ 
┬а┬а┬а┬а┬а┬а┬а┬а┬а┬а┬а┬а┬а┬а 2 рЇњрІФрѕ│ ріФріЋрЅхрѕф рЅ│рІѕрѕГ 
рЅарЅ░рїерѕЏрѕфрѕЮ  рїђрѕъ рІ░рѕіріЊ рѕърѕЇ  рїѕрѕГрїѓ ріерЇІрІЇріЋрЅ┤ріЋ рѕЁріЋрЇЃ рЇірЅх рѕѕрЇірЅх
рѕўріљрѕ╗рІг meneshaye kidscoloring coloring drawing sketching art kidsdrawing painting imagination globalart funart creativearts coloringpage happykids kidsactivity illustration coloringbook coloringpages creativity dailyaffirmations coloringtherapy "
"**рІерѕѓрѕ│рЅЦ рѕірЅЁ рѕўріљрѕ╗ рїЦрЅЁрѕЇ!!
рѕЇрїєрЅй рЅарїерІІрЅ│ ріерЅЂрїЦрѕ«рЅй рѕ▓рІІрІ░рІ▒
рІерѕѓрѕ│рЅЦ рѕірЅЁ рѕѕрѕўрѕєріЋ рѕЮрЅ╣ ріљрІЇ рѕўріЋрїѕрІ▒!**

­ЪЉЅ ріЦрѕхріе **10** ріарѕўрЅх рѕІрѕЅ рѕЇрїєрЅй рІерЅђрѕерЅа
­ЪЉЅ рЅЂрїЦрѕ«рЅйріЋ ріерѕўрѕѕрІерЅх рїђрѕЮрѕ« рѕѓрѕ│рЅЦріЋ рЅарїерІІрЅ│ рѕўрѕЇріГ рІерѕџрѕЏрѕЕрЅарЅх
­ЪЉЅ рІерѕўрІ░рѕўрѕГрЇБ рѕўрЅђріљрѕхрЇБ рѕЏрЅБрІЏрЅхріЊ рѕЏріФрЇѕрѕЇ рѕхрѕїрЅХрЅй рЅарЅ░рїЇрЅБрѕГ рІерѕџрѕЏрѕЕрЅарЅх
­ЪЉЅ рѕѓрѕ│рЅЦріЋ ріеріЦрѕѕрЅх рЅ░ріЦрѕѕрЅх рѕЁрІГрІѕрЅ│рЅИрІЇ рїІрѕГ рІерѕџрІФрІІрѕЁрІ▒рЅарЅх
­ЪЉЅ ріе **200** рЅарѕІрІГ рІерЅЂрїЦрѕГ рѕўрѕѕрѕЏрѕўрїЃрІјрЅйріЋ рІерІФрІў
­ЪЉЅ **50** рѕѓрѕ│рЅБрІі рїерІІрЅ│рІјрЅй рІФрѕЅрЅх
­ЪЉЅ рЅарѕЮрѕхрѕЇ рІерЅ░рІ░рїѕрЇѕ **рїЇрѕЇрЇЁ рѕЏріЉрІІрѕЇ** рІФрѕѕрІЇ
­ЪЉЅ ріарїерІІрІѕрЅ▒ріЋ рІерѕџрІФрѕ│рІГ **рІерЅфрІ▓рІ« рѕўрЅ░рїЇрЅарѕфрІФ**

1400

рІерѕЏрѕЁрЅарѕФрІі рІхрѕерїѕрЇєрЅ╗рЅйріЋріЋ рІГрїјрЅЦріЎ
https://linktr.ee/meneshaye

рІГрІ░рІЇрѕЅ 0989939393 рІѕрІГрѕЮ 0930323334

**ріарІхрѕФрѕ╗**рЇд 1.рїЅрѕГрІх рѕЙрѕІ рѕєрѕі рѕ▓рЅ▓ рѕ┤ріЋрЅ░рѕГ 
┬а┬а┬а┬а┬а┬а┬а┬а┬а┬а┬а┬а┬а┬а 2. рЇњрІФрѕ│ ріФріЋрЅхрѕф рЅ│рІѕрѕГ 
рЅарЅ░рїерѕЏрѕфрѕЮ ­ЪЉЅ рїђрѕъ рІ░рѕіріЊ рѕърѕЇ рЇц рїѕрѕГрїѓ ріерЇІрІЇріЋрЅ┤ріЋ рѕЁріЋрЇЃ рЇірЅх рѕѕрЇірЅх

#meneshaye #рѕўріљрѕ╗рІг #kidsmaths #kids #success #focus #children #education┬а #science #knowledge #math #maths #mathematics #concentration┬а┬а #primaryeducation┬а #braindevelopment #kidsimagination",2024-11-23 09:10:27+00:00,meneshayeofficial,"рІерѕѓрѕ│рЅЦ рѕірЅЁ рѕўріљрѕ╗ рїЦрЅЁрѕЇ
рѕЇрїєрЅй рЅарїерІІрЅ│ ріерЅЂрїЦрѕ«рЅй рѕ▓рІІрІ░рІ▒
рІерѕѓрѕ│рЅЦ рѕірЅЁ рѕѕрѕўрѕєріЋ рѕЮрЅ╣ ріљрІЇ рѕўріЋрїѕрІ▒

 ріЦрѕхріе 10 ріарѕўрЅх рѕІрѕЅ рѕЇрїєрЅй рІерЅђрѕерЅа
 рЅЂрїЦрѕ«рЅйріЋ ріерѕўрѕѕрІерЅх рїђрѕЮрѕ« рѕѓрѕ│рЅЦріЋ рЅарїерІІрЅ│ рѕўрѕЇріГ рІерѕџрѕЏрѕЕрЅарЅх
 рІерѕўрІ░рѕўрѕГ рѕўрЅђріљрѕх рѕЏрЅБрІЏрЅхріЊ рѕЏріФрЇѕрѕЇ рѕхрѕїрЅХрЅй рЅарЅ░рїЇрЅБрѕГ рІерѕџрѕЏрѕЕрЅарЅх
 рѕѓрѕ│рЅЦріЋ ріеріЦрѕѕрЅх рЅ░ріЦрѕѕрЅх рѕЁрІГрІѕрЅ│рЅИрІЇ рїІрѕГ рІерѕџрІФрІІрѕЁрІ▒рЅарЅх
 ріе 200 рЅарѕІрІГ рІерЅЂрїЦрѕГ рѕўрѕѕрѕЏрѕўрїЃрІјрЅйріЋ рІерІФрІў
 50 рѕѓрѕ│рЅБрІі рїерІІрЅ│рІјрЅй рІФрѕЅрЅх
 рЅарѕЮрѕхрѕЇ рІерЅ░рІ░рїѕрЇѕ рїЇрѕЇрЇЁ рѕЏріЉрІІрѕЇ рІФрѕѕрІЇ
 ріарїерІІрІѕрЅ▒ріЋ рІерѕџрІФрѕ│рІГ рІерЅфрІ▓рІ« рѕўрЅ░рїЇрЅарѕфрІФ

1400

рІерѕЏрѕЁрЅарѕФрІі рІхрѕерїѕрЇєрЅ╗рЅйріЋріЋ рІГрїјрЅЦріЎ
httpslinktreemeneshaye

рІГрІ░рІЇрѕЅ 0989939393 рІѕрІГрѕЮ 0930323334

ріарІхрѕФрѕ╗ 1рїЅрѕГрІх рѕЙрѕІ рѕєрѕі рѕ▓рЅ▓ рѕ┤ріЋрЅ░рѕГ 
┬а┬а┬а┬а┬а┬а┬а┬а┬а┬а┬а┬а┬а┬а 2 рЇњрІФрѕ│ ріФріЋрЅхрѕф рЅ│рІѕрѕГ 
рЅарЅ░рїерѕЏрѕфрѕЮ  рїђрѕъ рІ░рѕіріЊ рѕърѕЇ  рїѕрѕГрїѓ ріерЇІрІЇріЋрЅ┤ріЋ рѕЁріЋрЇЃ рЇірЅх рѕѕрЇірЅх

meneshaye рѕўріљрѕ╗рІг kidsmaths kids success focus children education┬а science knowledge math maths mathematics concentration┬а┬а primaryeducation┬а braindevelopment kidsimagination"
"**__рѕўріљрѕ╗рІг рѕхрІЋрѕЇ рІ░рЅЦрЅ░рѕГ рїЦрЅЁрѕЇ
рѕЮрѕЅрІЋріљрЅх ріерїЦрѕФрЅх рїІрѕГ !!__**
­ЪЉЅ рЅарЇЇрЇЂрѕЮ **рЅђрѕѕрѕЮ рІерѕЏрІФрѕ│рѕЇрЇЇ** рІерѕхрІЋрѕЇ рІ░рЅЦрЅ░рѕГ
­ЪЉЅ рѕЂрѕѕрЅх рїѕрЇєрЅйріЋ **рЅарІѕрїЦріљрЅх рѕўрїарЅђрѕЮ рІерѕџрІФрѕхрЅйрѕЇ**
­ЪЉЅ рЅарІерЅхріЏрІЇрѕЮ ріЦрІхрѕю ріГрѕЇрѕЇ рѕірїарЅђрѕЎрЅарЅх рІерѕџрЅйрѕЅрЅх
­ЪЉЅ **12 рѕўрїЦрЇІрЅх рІерѕџрЅйрѕЅ** рЅБрѕѕрЅђрѕѕрѕЮ ріЦрѕГрѕ│рѕХрЅйріЋ рІФріФрЅ░рЅ░
­ЪЉЅ рѕѕріарІФрІФрІЮ ріарѕўрЅ║ рІерѕєріЉ **3 ріЦрѕГрѕ│рѕХрЅй**
­ЪЉЅ рѕ▓рІФрїарЇЅрЅБрЅИрІЇ **рІерѕЏрІГрЇѕрѕерЇѕрѕЕ 3 рѕІрї▓рѕХрЅй**
­ЪЉЅ рЅБрѕѕ **2 рЅђрІ│рІ│ рѕўрЅЁрѕерїФ**

1400

рІерѕЏрѕЁрЅарѕФрІі рІхрѕерїѕрЇєрЅ╗рЅйріЋріЋ рІГрїјрЅЦріЎ
https://linktr.ee/meneshaye

рІГрІ░рІЇрѕЅ 0989939393 рІѕрІГрѕЮ 0930323334

**ріарІхрѕФрѕ╗**рЇд 1.рїЅрѕГрІх рѕЙрѕІ рѕєрѕі рѕ▓рЅ▓ рѕ┤ріЋрЅ░рѕГ 
               2. рЇњрІФрѕ│ ріФріЋрЅхрѕф рЅ│рІѕрѕГ 
рЅарЅ░рїерѕЏрѕфрѕЮ ­ЪЉЅ рїђрѕъ рІ░рѕіріЊ рѕърѕЇ рЇц рїѕрѕГрїѓ ріерЇІрІЇріЋрЅ┤ріЋ рѕЁріЋрЇЃ рЇірЅх рѕѕрЇірЅх

#рѕўріљрѕ╗рІг #meneshaye #kidsdrawing #drawing #kidsart #art #kidsartwork #painting #artclass #kidspainting #artwork #kids #kidsactivities #creative #creativity #illustration #childrenart #artist┬а #creativekids #sketching #artforkids #funart┬а┬а #kidsdrawings┬а #fun #littleartist #kidsartclass #kidscoloring #kidscrafts",2024-11-21 08:20:58+00:00,meneshayeofficial,"__рѕўріљрѕ╗рІг рѕхрІЋрѕЇ рІ░рЅЦрЅ░рѕГ рїЦрЅЁрѕЇ
рѕЮрѕЅрІЋріљрЅх ріерїЦрѕФрЅх рїІрѕГ __
 рЅарЇЇрЇЂрѕЮ рЅђрѕѕрѕЮ рІерѕЏрІФрѕ│рѕЇрЇЇ рІерѕхрІЋрѕЇ рІ░рЅЦрЅ░рѕГ
 рѕЂрѕѕрЅх рїѕрЇєрЅйріЋ рЅарІѕрїЦріљрЅх рѕўрїарЅђрѕЮ рІерѕџрІФрѕхрЅйрѕЇ
 рЅарІерЅхріЏрІЇрѕЮ ріЦрІхрѕю ріГрѕЇрѕЇ рѕірїарЅђрѕЎрЅарЅх рІерѕџрЅйрѕЅрЅх
 12 рѕўрїЦрЇІрЅх рІерѕџрЅйрѕЅ рЅБрѕѕрЅђрѕѕрѕЮ ріЦрѕГрѕ│рѕХрЅйріЋ рІФріФрЅ░рЅ░
 рѕѕріарІФрІФрІЮ ріарѕўрЅ║ рІерѕєріЉ 3 ріЦрѕГрѕ│рѕХрЅй
 рѕ▓рІФрїарЇЅрЅБрЅИрІЇ рІерѕЏрІГрЇѕрѕерЇѕрѕЕ 3 рѕІрї▓рѕХрЅй
 рЅБрѕѕ 2 рЅђрІ│рІ│ рѕўрЅЁрѕерїФ

1400

рІерѕЏрѕЁрЅарѕФрІі рІхрѕерїѕрЇєрЅ╗рЅйріЋріЋ рІГрїјрЅЦріЎ
httpslinktreemeneshaye

рІГрІ░рІЇрѕЅ 0989939393 рІѕрІГрѕЮ 0930323334

ріарІхрѕФрѕ╗ 1рїЅрѕГрІх рѕЙрѕІ рѕєрѕі рѕ▓рЅ▓ рѕ┤ріЋрЅ░рѕГ 
               2 рЇњрІФрѕ│ ріФріЋрЅхрѕф рЅ│рІѕрѕГ 
рЅарЅ░рїерѕЏрѕфрѕЮ  рїђрѕъ рІ░рѕіріЊ рѕърѕЇ  рїѕрѕГрїѓ ріерЇІрІЇріЋрЅ┤ріЋ рѕЁріЋрЇЃ рЇірЅх рѕѕрЇірЅх

рѕўріљрѕ╗рІг meneshaye kidsdrawing drawing kidsart art kidsartwork painting artclass kidspainting artwork kids kidsactivities creative creativity illustration childrenart artist┬а creativekids sketching artforkids funart┬а┬а kidsdrawings┬а fun littleartist kidsartclass kidscoloring kidscrafts"
"**рІерЅђрѕѕрѕю рѕўріљрѕ╗ рїЦрЅЁрѕЇ
рѕЇрїєрЅй ріЦрІерІѕрІ░рІ▒ рІерѕџрѕЏрѕЕрЅарЅх рЇц рѕ│рІГрѕ░рѕІрЅ╣ рІерѕџрІФрїаріЉрЅарЅх!!**
рІЇрѕхрїА рЅарѕџрїѕріЎрЅх **68** рѕўрѕЏрѕфрІФрІјрЅй
­ЪЉЅ рѕЇрїєрЅй ріеріЦрѕГрѕ│рѕх ріарІФрІФрІЮ рїђрѕЮрѕ« рѕўрЇЃрЇЇ рЇБ рѕЏріЋрЅарЅЦрЇБ рѕўрѕхрѕЏрЅхріЊ рѕўріЊрїѕрѕГріЋ рЅарЅђрѕІрѕЅ рІерѕџрѕѕрѕЏрѕўрІ▒рЅарЅх 
­ЪЉЅ рІеріарѕЏрѕГріЏ ріЦріЊ ріЦріЋрїЇрѕірІўріЏ рЇірІ░рѕІрЅхріЋ рЇБ рЅЂрїЦрѕ«рЅй рЇБ рЅЁрѕГрЇєрЅйріЋріЊ ріерѕѕрѕ«рЅйріЋ ріЦріЋрІ▓рѕЂрѕЮ рѕїрѕјрЅй рЅарѕўрїђрѕўрѕфрІФ рЅхрѕЮрѕГрѕЁрѕГрЅх рІўрѕўріЋ рѕЏрІѕрЅЁ рІФрѕѕрЅБрЅИрІЇріЋ рѕЂрѕЅ рІерѕџрІФрІЇрЅЂрЅарЅх
­ЪЉЅ рІерѕ░ріарЅх ріарЅєрїБрїарѕГріЋ рІерѕџрѕЏрѕЕрЅарЅх
­ЪЉЅ рІерѕхрІЋрѕЇ рЅйрѕјрЅ│рЅИрІЇріЋ рІерѕџрІФрІ│рЅЦрѕЕрЅарЅх
­ЪЉЅ рЅБрѕѕ рІхрѕЮрЇЁ рѕўрѕЏрѕфрІФ рѕўріљрѕ╗рІг рЇЊрІх
­ЪЉЅ 11 ріЦрІерЇЃрЇЅріЊ ріЦрІФрїарЇЅ рІерѕџрѕѕрѕЏрѕўрІ▒рЅБрЅИрІЇ рѕўрЇЃрѕЁрЇЇрЅх
­ЪЉЅ ріцрѕїріГрЅхрѕ«ріњріГ рѕ░рѕїрІ│ріЊ 2рЅа1 рѕ░рѕїрІ│
­ЪЉЅ рІерѕ░рІЊрЅх рѕўрѕЏрѕфрІФ рЅдрѕГрІх
­ЪЉЅ ріе20 рЅарѕІрІГ рѕЏрѕГріерѕ«рЅйріЊ рїарѕўріћрІјрЅйріЋ рІФріФрЅ░рЅ░

рІІрїІ 12000

рІерѕЏрѕЁрЅарѕФрІі рІхрѕерїѕрЇєрЅ╗рЅйріЋріЋ рІГрїјрЅЦріЎ
https://linktr.ee/meneshaye

рІГрІ░рІЇрѕЅ 0989939393 рІѕрІГрѕЮ 0930323334

ріарІхрѕФрѕ╗рЇд рїЅрѕГрІх рѕЙрѕІ рѕєрѕі рѕ▓рЅ▓ рѕ┤ріЋрЅ░рѕГ рЇц рЇњрІФрѕ│ ріФріЋрЅхрѕф рЅ│рІѕрѕГ рЇц рїђрѕъ рІ░рѕіріЊ рѕърѕЇ рЇц рїѕрѕГрїѓ ріерЇІрІЇріЋрЅ┤ріЋ рѕЁріЋрЇЃ рЇірЅх рѕѕрЇірЅх
#рѕўріљрѕ╗рІг #kids #education #new 
#education #learning #school #students #study #motivation #student #teacher #college #science #children #kids #knowledge # #teaching #teachers # #learn #community┬а #success #instagram #training #instagood #technology #career┬а #english",2024-11-19 11:45:41+00:00,meneshayeofficial,"рІерЅђрѕѕрѕю рѕўріљрѕ╗ рїЦрЅЁрѕЇ
рѕЇрїєрЅй ріЦрІерІѕрІ░рІ▒ рІерѕџрѕЏрѕЕрЅарЅх  рѕ│рІГрѕ░рѕІрЅ╣ рІерѕџрІФрїаріЉрЅарЅх
рІЇрѕхрїА рЅарѕџрїѕріЎрЅх 68 рѕўрѕЏрѕфрІФрІјрЅй
 рѕЇрїєрЅй ріеріЦрѕГрѕ│рѕх ріарІФрІФрІЮ рїђрѕЮрѕ« рѕўрЇЃрЇЇ  рѕЏріЋрЅарЅЦ рѕўрѕхрѕЏрЅхріЊ рѕўріЊрїѕрѕГріЋ рЅарЅђрѕІрѕЅ рІерѕџрѕѕрѕЏрѕўрІ▒рЅарЅх 
 рІеріарѕЏрѕГріЏ ріЦріЊ ріЦріЋрїЇрѕірІўріЏ рЇірІ░рѕІрЅхріЋ  рЅЂрїЦрѕ«рЅй  рЅЁрѕГрЇєрЅйріЋріЊ ріерѕѕрѕ«рЅйріЋ ріЦріЋрІ▓рѕЂрѕЮ рѕїрѕјрЅй рЅарѕўрїђрѕўрѕфрІФ рЅхрѕЮрѕГрѕЁрѕГрЅх рІўрѕўріЋ рѕЏрІѕрЅЁ рІФрѕѕрЅБрЅИрІЇріЋ рѕЂрѕЅ рІерѕџрІФрІЇрЅЂрЅарЅх
 рІерѕ░ріарЅх ріарЅєрїБрїарѕГріЋ рІерѕџрѕЏрѕЕрЅарЅх
 рІерѕхрІЋрѕЇ рЅйрѕјрЅ│рЅИрІЇріЋ рІерѕџрІФрІ│рЅЦрѕЕрЅарЅх
 рЅБрѕѕ рІхрѕЮрЇЁ рѕўрѕЏрѕфрІФ рѕўріљрѕ╗рІг рЇЊрІх
 11 ріЦрІерЇЃрЇЅріЊ ріЦрІФрїарЇЅ рІерѕџрѕѕрѕЏрѕўрІ▒рЅБрЅИрІЇ рѕўрЇЃрѕЁрЇЇрЅх
 ріцрѕїріГрЅхрѕ«ріњріГ рѕ░рѕїрІ│ріЊ 2рЅа1 рѕ░рѕїрІ│
 рІерѕ░рІЊрЅх рѕўрѕЏрѕфрІФ рЅдрѕГрІх
 ріе20 рЅарѕІрІГ рѕЏрѕГріерѕ«рЅйріЊ рїарѕўріћрІјрЅйріЋ рІФріФрЅ░рЅ░

рІІрїІ 12000

рІерѕЏрѕЁрЅарѕФрІі рІхрѕерїѕрЇєрЅ╗рЅйріЋріЋ рІГрїјрЅЦріЎ
httpslinktreemeneshaye

рІГрІ░рІЇрѕЅ 0989939393 рІѕрІГрѕЮ 0930323334

ріарІхрѕФрѕ╗ рїЅрѕГрІх рѕЙрѕІ рѕєрѕі рѕ▓рЅ▓ рѕ┤ріЋрЅ░рѕГ  рЇњрІФрѕ│ ріФріЋрЅхрѕф рЅ│рІѕрѕГ  рїђрѕъ рІ░рѕіріЊ рѕърѕЇ  рїѕрѕГрїѓ ріерЇІрІЇріЋрЅ┤ріЋ рѕЁріЋрЇЃ рЇірЅх рѕѕрЇірЅх
рѕўріљрѕ╗рІг kids education new 
education learning school students study motivation student teacher college science children kids knowledge  teaching teachers  learn community┬а success instagram training instagood technology career┬а english"
"**рІерЅђрѕѕрѕю рѕўріљрѕ╗ рїЦрЅЁрѕЇ
ріЦріљрІџрѕЁріЋ рѕЂрѕЅ рЅаріаріЋрІх рІФріФрЅ░рЅ░!!**
­ЪЉЅ рІ░рїІрїЇрѕўрІЇ рІерѕџрїарЅђрѕЎрЅБрЅИрІЇ 11 рѕўрЇЃрѕЁрЇЇрЅх
­ЪЉЅ рЅБрѕѕ рІхрѕЮрЇЁ рѕўрѕЏрѕфрІФ рѕўріљрѕ╗рІг рЇЊрІх
­ЪЉЅ 2 рЅа1 рѕ░рѕїрІ│
­ЪЉЅ ріцрѕїріГрЅхрѕ«ріњріГ рѕ░рѕїрІ│
­ЪЉЅ рІерѕ░рІЊрЅх рѕўрѕЏрѕфрІФ рЅдрѕГрІх
­ЪЉЅріе20 рЅарѕІрІГ рѕЏрѕГріерѕ«рЅйріЊ рїарѕўріћрІјрЅй
­ЪЉЅ рЅарІХ/рѕГ рібрІ«рЅЦ рѕЏрѕъ рЅ░рІўрїІрїЁрЅ▒ рѕѕрІѕрѕІрїєрЅй ріерѕўріљрѕ╗рІг ріерЅ░рЅарѕеріерЅ░ рѕхрїдрЅ│ рїІрѕГ
рѕЏрѕхрЇѕріЋрїарѕфрІФрІЇріЋ­ЪЉЅhttp://meneshaye-official.com/registration рЅ░рїГріљрІЇ ріарѕЂріЉріЉ рІГрѕўрІЮрїѕрЅА рЇц 10% рЅЁріЊрѕй рІФрїЇріЎ!!

ріарІхрѕФрѕ╗ 
1,рїЅрѕГрІх рѕЙрѕІ рѕєрѕі рѕ▓рЅ▓ рѕ┤ріЋрЅ░рѕГ 3ріЏ рЇјрЅЁ
2, рЇњрІФрѕ│ ріФріЋрЅхрѕф рЅ│рІѕрѕГ 2ріЏ рЇјрЅЁ
рѕўріљрѕ╗рІг рІерѕЇрїЁрІјріЋ рѕўріљрѕ╗ рІФрЅЁрѕЇрѕЅ!!",2024-11-16 06:08:10+00:00,meneshayeofficial,"рІерЅђрѕѕрѕю рѕўріљрѕ╗ рїЦрЅЁрѕЇ
ріЦріљрІџрѕЁріЋ рѕЂрѕЅ рЅаріаріЋрІх рІФріФрЅ░рЅ░
 рІ░рїІрїЇрѕўрІЇ рІерѕџрїарЅђрѕЎрЅБрЅИрІЇ 11 рѕўрЇЃрѕЁрЇЇрЅх
 рЅБрѕѕ рІхрѕЮрЇЁ рѕўрѕЏрѕфрІФ рѕўріљрѕ╗рІг рЇЊрІх
 2 рЅа1 рѕ░рѕїрІ│
 ріцрѕїріГрЅхрѕ«ріњріГ рѕ░рѕїрІ│
 рІерѕ░рІЊрЅх рѕўрѕЏрѕфрІФ рЅдрѕГрІх
ріе20 рЅарѕІрІГ рѕЏрѕГріерѕ«рЅйріЊ рїарѕўріћрІјрЅй
 рЅарІХрѕГ рібрІ«рЅЦ рѕЏрѕъ рЅ░рІўрїІрїЁрЅ▒ рѕѕрІѕрѕІрїєрЅй ріерѕўріљрѕ╗рІг ріерЅ░рЅарѕеріерЅ░ рѕхрїдрЅ│ рїІрѕГ
рѕЏрѕхрЇѕріЋрїарѕфрІФрІЇріЋhttpmeneshayeofficialcomregistration рЅ░рїГріљрІЇ ріарѕЂріЉріЉ рІГрѕўрІЮрїѕрЅА  10 рЅЁріЊрѕй рІФрїЇріЎ

ріарІхрѕФрѕ╗ 
1рїЅрѕГрІх рѕЙрѕІ рѕєрѕі рѕ▓рЅ▓ рѕ┤ріЋрЅ░рѕГ 3ріЏ рЇјрЅЁ
2 рЇњрІФрѕ│ ріФріЋрЅхрѕф рЅ│рІѕрѕГ 2ріЏ рЇјрЅЁ
рѕўріљрѕ╗рІг рІерѕЇрїЁрІјріЋ рѕўріљрѕ╗ рІФрЅЁрѕЇрѕЅ"
"**рІерЅђрѕѕрѕю рѕўріљрѕ╗ рїЦрЅЁрѕЇ
рѕЇрїєрЅй ріЦрІерІѕрІ░рІ▒ рІерѕџрѕЏрѕЕрЅарЅх рЇц рѕ│рІГрѕ░рѕІрЅ╣ рІерѕџрІФрїаріЉрЅарЅх!!**
­ЪЉЅ рЅаріарѕЏрѕГріЏріЊ рЅаріЦріЋрїЇрѕірІЮріЏ 
­ЪЉЅ рѕўрЇЃрЇЇ рЇБ рѕЏріЋрЅарЅЦ рѕўрѕхрѕЏрЅх ріЦріЊ рѕўріЊрїѕрѕГ
­ЪЉЅ ріеріЦрѕГрѕ│рѕх ріарІФрІФрІЮ рїђрѕЮрѕ« рІерѕџрѕЏрѕЕрЅарЅх
­ЪЉЅ ріе 2 ріарѕўрЅх рїђрѕЮрѕ« рѕІрѕЅ рѕЇрїєрЅй
­ЪЉЅ рЅарІХ/рѕГ рібрІ«рЅЦ рѕЏрѕъ рЅ░рІўрїІрїЁрЅ▒ рѕѕрІѕрѕІрїєрЅй ріерѕўріљрѕ╗рІг ріерЅ░рЅарѕеріерЅ░ рѕхрїдрЅ│ рїІрѕГ
рѕЏрѕхрЇѕріЋрїарѕфрІФрІЇріЋ­ЪЉЅhttp://meneshaye-official.com/registration рЅ░рїГріљрІЇ ріарѕЂріЉріЉ рІГрѕўрІЮрїѕрЅА рЇц 10% рЅЁріЊрѕй рІФрїЇріЎ!!

ріарІхрѕФрѕ╗ 
1,рїЅрѕГрІх рѕЙрѕІ рѕєрѕі рѕ▓рЅ▓ рѕ┤ріЋрЅ░рѕГ 3ріЏ рЇјрЅЁ
2, рЇњрІФрѕ│ ріФріЋрЅхрѕф рЅ│рІѕрѕГ 2ріЏ рЇјрЅЁ
рѕўріљрѕ╗рІг рІерѕЇрїЁрІјріЋ рѕўріљрѕ╗ рІФрЅЁрѕЇрѕЅ!!",2024-11-14 07:58:27+00:00,meneshayeofficial,"рІерЅђрѕѕрѕю рѕўріљрѕ╗ рїЦрЅЁрѕЇ
рѕЇрїєрЅй ріЦрІерІѕрІ░рІ▒ рІерѕџрѕЏрѕЕрЅарЅх  рѕ│рІГрѕ░рѕІрЅ╣ рІерѕџрІФрїаріЉрЅарЅх
 рЅаріарѕЏрѕГріЏріЊ рЅаріЦріЋрїЇрѕірІЮріЏ 
 рѕўрЇЃрЇЇ  рѕЏріЋрЅарЅЦ рѕўрѕхрѕЏрЅх ріЦріЊ рѕўріЊрїѕрѕГ
 ріеріЦрѕГрѕ│рѕх ріарІФрІФрІЮ рїђрѕЮрѕ« рІерѕџрѕЏрѕЕрЅарЅх
 ріе 2 ріарѕўрЅх рїђрѕЮрѕ« рѕІрѕЅ рѕЇрїєрЅй
 рЅарІХрѕГ рібрІ«рЅЦ рѕЏрѕъ рЅ░рІўрїІрїЁрЅ▒ рѕѕрІѕрѕІрїєрЅй ріерѕўріљрѕ╗рІг ріерЅ░рЅарѕеріерЅ░ рѕхрїдрЅ│ рїІрѕГ
рѕЏрѕхрЇѕріЋрїарѕфрІФрІЇріЋhttpmeneshayeofficialcomregistration рЅ░рїГріљрІЇ ріарѕЂріЉріЉ рІГрѕўрІЮрїѕрЅА  10 рЅЁріЊрѕй рІФрїЇріЎ

ріарІхрѕФрѕ╗ 
1рїЅрѕГрІх рѕЙрѕІ рѕєрѕі рѕ▓рЅ▓ рѕ┤ріЋрЅ░рѕГ 3ріЏ рЇјрЅЁ
2 рЇњрІФрѕ│ ріФріЋрЅхрѕф рЅ│рІѕрѕГ 2ріЏ рЇјрЅЁ
рѕўріљрѕ╗рІг рІерѕЇрїЁрІјріЋ рѕўріљрѕ╗ рІФрЅЁрѕЇрѕЅ"
"рѕЏрѕхрЇѕріЋрїарѕфрІФрІЇріЋ­ЪЉЅhttp://meneshaye-official.com/registration рЅ░рїГріљрІЇ ріарѕЂріЉріЉ рІГрѕўрІЮрїѕрЅА рЇц 10% рЅЁріЊрѕй рІФрїЇріЎ!!
рІерЅ░ріЋрїІрІ░рІ░рІЇріЋ рЇірІ░рѕЇ рІерѕџрІФрЅђріЊ рѕўрѕІрІЇ рІГріИрІЇріЊ!!",2024-11-13 07:59:23+00:00,meneshayeofficial,"рѕЏрѕхрЇѕріЋрїарѕфрІФрІЇріЋhttpmeneshayeofficialcomregistration рЅ░рїГріљрІЇ ріарѕЂріЉріЉ рІГрѕўрІЮрїѕрЅА  10 рЅЁріЊрѕй рІФрїЇріЎ
рІерЅ░ріЋрїІрІ░рІ░рІЇріЋ рЇірІ░рѕЇ рІерѕџрІФрЅђріЊ рѕўрѕІрІЇ рІГріИрІЇріЊ"
"рѕЏрѕхрЇѕріЋрїарѕфрІФрІЇріЋ­ЪЉЅhttp://meneshaye-official.com/registration рЅ░рїГріљрІЇ ріарѕЂріЉріЉ рІГрѕўрІЮрїѕрЅА рЇц 10% рЅЁріЊрѕй рІФрїЇріЎ!!
рІерѕЇрїєрЅйрІјріЋ рІерЅхрѕЮрѕЁрѕГрЅх рїЁрѕЏрѕ« рІЇрїцрЅ│рѕЏ рѕѕрѕЏрІхрѕерїЇ ріерїјріЋрІј ріљріЋ!!",2024-11-11 12:44:17+00:00,meneshayeofficial,"рѕЏрѕхрЇѕріЋрїарѕфрІФрІЇріЋhttpmeneshayeofficialcomregistration рЅ░рїГріљрІЇ ріарѕЂріЉріЉ рІГрѕўрІЮрїѕрЅА  10 рЅЁріЊрѕй рІФрїЇріЎ
рІерѕЇрїєрЅйрІјріЋ рІерЅхрѕЮрѕЁрѕГрЅх рїЁрѕЏрѕ« рІЇрїцрЅ│рѕЏ рѕѕрѕЏрІхрѕерїЇ ріерїјріЋрІј ріљріЋ"
"рѕЏрѕхрЇѕріЋрїарѕфрІФрІЇріЋ­ЪЉЅhttp://meneshaye-official.com/registration рЅ░рїГріљрІЇ ріарѕЂріЉріЉ рІГрѕўрІЮрїѕрЅА рЇц 10% рЅЁріЊрѕй рІФрїЇріЎ!!
рѕЇрїєрЅйрІј рЅарѕѓрѕ│рЅЦ ріЦріЋрІ│рІГрїеріљрЅЂ ріарїІрІБрЅИрІЇ рІ░рѕГрѕирѕЇ!!",2024-11-11 05:13:47+00:00,meneshayeofficial,"рѕЏрѕхрЇѕріЋрїарѕфрІФрІЇріЋhttpmeneshayeofficialcomregistration рЅ░рїГріљрІЇ ріарѕЂріЉріЉ рІГрѕўрІЮрїѕрЅА  10 рЅЁріЊрѕй рІФрїЇріЎ
рѕЇрїєрЅйрІј рЅарѕѓрѕ│рЅЦ ріЦріЋрІ│рІГрїеріљрЅЂ ріарїІрІБрЅИрІЇ рІ░рѕГрѕирѕЇ"
"рѕЏрѕхрЇѕріЋрїарѕфрІФрІЇріЋ­ЪЉЅhttp://meneshaye-official.com/registration рЅ░рїГріљрІЇ ріарѕЂріЉріЉ рІГрѕўрІЮрїѕрЅА рЇц 10% рЅЁріЊрѕй рІФрїЇріЎ!!
ріеріЦріЋрїЇрІ▓рѕЁ рІѕрѕерЅђрЅх рѕ│рІФрЅБріГріЉ рЇц ріЦрѕГрѕхрІј рѕ│рІГрїеріљрЅЂ рЇц рѕЇрїЁрІј рїЇрѕФ рѕ│рІГрїѕрЅБрІЇ рІерѕўрЇЃрЇЇріЊ рѕЏріЋрЅарЅЦ рЅйрѕјрЅ│рІЇ рЅарІџрѕЁ рІГрЅђрѕІрїарЇІрѕЇ!!",2024-11-09 07:01:11+00:00,meneshayeofficial,"рѕЏрѕхрЇѕріЋрїарѕфрІФрІЇріЋhttpmeneshayeofficialcomregistration рЅ░рїГріљрІЇ ріарѕЂріЉріЉ рІГрѕўрІЮрїѕрЅА  10 рЅЁріЊрѕй рІФрїЇріЎ
ріеріЦріЋрїЇрІ▓рѕЁ рІѕрѕерЅђрЅх рѕ│рІФрЅБріГріЉ  ріЦрѕГрѕхрІј рѕ│рІГрїеріљрЅЂ  рѕЇрїЁрІј рїЇрѕФ рѕ│рІГрїѕрЅБрІЇ рІерѕўрЇЃрЇЇріЊ рѕЏріЋрЅарЅЦ рЅйрѕјрЅ│рІЇ рЅарІџрѕЁ рІГрЅђрѕІрїарЇІрѕЇ"
"рѕЏрѕхрЇѕріЋрїарѕфрІФрІЇріЋ­ЪЉЅhttp://meneshaye-official.com/registration рЅ░рїГріљрІЇ ріарѕЂріЉріЉ рІГрѕўрІЮрїѕрЅА рЇц 10% рЅЁріЊрѕй рІФрїЇріЎ!!
рѕўрѕЮрѕЁрѕГрЅх рѕ│рѕ«ріЋ рїѕ/рѕЏрѕфрІФрѕЮ рѕхрѕѕ рѕўріљрѕ╗рІг рІГрѕЁріЋ рЅЦрѕѕрІІрѕЇрЇб",2024-11-08 06:51:02+00:00,meneshayeofficial,"рѕЏрѕхрЇѕріЋрїарѕфрІФрІЇріЋhttpmeneshayeofficialcomregistration рЅ░рїГріљрІЇ ріарѕЂріЉріЉ рІГрѕўрІЮрїѕрЅА  10 рЅЁріЊрѕй рІФрїЇріЎ
рѕўрѕЮрѕЁрѕГрЅх рѕ│рѕ«ріЋ рїѕрѕЏрѕфрІФрѕЮ рѕхрѕѕ рѕўріљрѕ╗рІг рІГрѕЁріЋ рЅЦрѕѕрІІрѕЇ"
"рѕЏрѕхрЇѕріЋрїарѕфрІФрІЇріЋ­ЪЉЅhttp://meneshaye-official.com/registration рЅ░рїГріљрІЇ ріарѕЂріЉріЉ рІГрѕўрІЮрїѕрЅА рЇц 10% рЅЁріЊрѕй рІФрїЇріЎ!!
рѕѕрѕЇрїєрЅйрІј рІерЅхрѕЮрѕЁрѕГрЅх рїЁрѕЏрѕ« рѕЏрѕЏрѕГ ріерїјріЋрІј ріљріЋ рЇц ріЦріЊрїЇрІЮрІјрЅ│рѕѕріЋ!!",2024-11-07 08:00:59+00:00,meneshayeofficial,"рѕЏрѕхрЇѕріЋрїарѕфрІФрІЇріЋhttpmeneshayeofficialcomregistration рЅ░рїГріљрІЇ ріарѕЂріЉріЉ рІГрѕўрІЮрїѕрЅА  10 рЅЁріЊрѕй рІФрїЇріЎ
рѕѕрѕЇрїєрЅйрІј рІерЅхрѕЮрѕЁрѕГрЅх рїЁрѕЏрѕ« рѕЏрѕЏрѕГ ріерїјріЋрІј ріљріЋ  ріЦріЊрїЇрІЮрІјрЅ│рѕѕріЋ"
"рѕЏрѕхрЇѕріЋрїарѕфрІФрІЇріЋ­ЪЉЅhttp://meneshaye-official.com/registration рЅ░рїГріљрІЇ ріарѕЂріЉріЉ рІГрѕўрІЮрїѕрЅА рЇц 10% рЅЁріЊрѕй рІФрїЇріЎ!!
рІ░рѕФрѕ▓ ріЃрІГрѕѕрѕўрѕѕрі«рЅх рѕўрІІрІЋрѕЇ рѕхрѕѕ рѕўріљрѕ╗рІг рѕЮріЋ ріарѕЅ?",2024-11-07 05:46:37+00:00,meneshayeofficial,"рѕЏрѕхрЇѕріЋрїарѕфрІФрІЇріЋhttpmeneshayeofficialcomregistration рЅ░рїГріљрІЇ ріарѕЂріЉріЉ рІГрѕўрІЮрїѕрЅА  10 рЅЁріЊрѕй рІФрїЇріЎ
рІ░рѕФрѕ▓ ріЃрІГрѕѕрѕўрѕѕрі«рЅх рѕўрІІрІЋрѕЇ рѕхрѕѕ рѕўріљрѕ╗рІг рѕЮріЋ ріарѕЅ"
"рѕЏрѕхрЇѕріЋрїарѕфрІФрІЇріЋ­ЪЉЅhttp://meneshaye-official.com/registration рЅ░рїГріљрІЇ ріарѕЂріЉріЉ рІГрѕўрІЮрїѕрЅА рЇц 10% рЅЁріЊрѕй рІФрїЇріЎ!!
рІХріГрЅ░рѕГ рЇЇрѕ░рѕђ рѕърЅ▒рѕЏ рѕхрѕѕ рѕўріљрѕ╗рІг рѕЮріЋ ріарѕЅ?",2024-11-06 06:39:14+00:00,meneshayeofficial,"рѕЏрѕхрЇѕріЋрїарѕфрІФрІЇріЋhttpmeneshayeofficialcomregistration рЅ░рїГріљрІЇ ріарѕЂріЉріЉ рІГрѕўрІЮрїѕрЅА  10 рЅЁріЊрѕй рІФрїЇріЎ
рІХріГрЅ░рѕГ рЇЇрѕ░рѕђ рѕърЅ▒рѕЏ рѕхрѕѕ рѕўріљрѕ╗рІг рѕЮріЋ ріарѕЅ"
"рѕЏрѕхрЇѕріЋрїарѕфрІФрІЇріЋ­ЪЉЅhttp://meneshaye-official.com/registration рЅ░рїГріљрІЇ ріарѕЂріЉріЉ рІГрѕўрІЮрїѕрЅА рЇц 10% рЅЁріЊрѕй рІФрїЇріЎ!!
рѕЇрїєрЅйрІј ріЦріЋрІ▓рѕЁ рЅарѕѓрѕ│рЅЦ ріЦріЋрІ│рІГрїеріљрЅЂ ріЦріЊрїЇрІЮрІјрЅ│рѕѕріЋ!!",2024-11-05 07:03:45+00:00,meneshayeofficial,"рѕЏрѕхрЇѕріЋрїарѕфрІФрІЇріЋhttpmeneshayeofficialcomregistration рЅ░рїГріљрІЇ ріарѕЂріЉріЉ рІГрѕўрІЮрїѕрЅА  10 рЅЁріЊрѕй рІФрїЇріЎ
рѕЇрїєрЅйрІј ріЦріЋрІ▓рѕЁ рЅарѕѓрѕ│рЅЦ ріЦріЋрІ│рІГрїеріљрЅЂ ріЦріЊрїЇрІЮрІјрЅ│рѕѕріЋ"
"рѕЏрѕхрЇѕріЋрїарѕфрІФрІЇріЋ­ЪЉЅhttp://meneshaye-official.com/registration рЅ░рїГріљрІЇ ріарѕЂріЉріЉ рІГрѕўрІЮрїѕрЅА рЇц 10% рЅЁріЊрѕй рІФрїЇріЎ!!
рѕѕрѕЇрїЁрІј рїЦрІФрЅё рІерѕЏрІФрІ│рїЇрѕЮ рѕЮрѕІрѕй рІФрѕхрЇѕрѕЇрїІрѕЇ!!",2024-11-04 07:04:24+00:00,meneshayeofficial,"рѕЏрѕхрЇѕріЋрїарѕфрІФрІЇріЋhttpmeneshayeofficialcomregistration рЅ░рїГріљрІЇ ріарѕЂріЉріЉ рІГрѕўрІЮрїѕрЅА  10 рЅЁріЊрѕй рІФрїЇріЎ
рѕѕрѕЇрїЁрІј рїЦрІФрЅё рІерѕЏрІФрІ│рїЇрѕЮ рѕЮрѕІрѕй рІФрѕхрЇѕрѕЇрїІрѕЇ"
"рѕЏрѕхрЇѕріЋрїарѕфрІФрІЇріЋ­ЪЉЅhttp://meneshaye-official.com/registration рЅ░рїГріљрІЇ ріарѕЂріЉріЉ рІГрѕўрІЮрїѕрЅА рЇц 10% рЅЁріЊрѕй рІФрїЇріЎ!!
рѕѕріЦрїЁ рЇЁрѕЂрЇЅ рѕўрѕІрІЇ ріарѕѕріЋ!!",2024-11-02 08:07:32+00:00,meneshayeofficial,"рѕЏрѕхрЇѕріЋрїарѕфрІФрІЇріЋhttpmeneshayeofficialcomregistration рЅ░рїГріљрІЇ ріарѕЂріЉріЉ рІГрѕўрІЮрїѕрЅА  10 рЅЁріЊрѕй рІФрїЇріЎ
рѕѕріЦрїЁ рЇЁрѕЂрЇЅ рѕўрѕІрІЇ ріарѕѕріЋ"
